date|handle|text
Fri Oct 08 12:15:32 +0000 2021|DakotaDW_|"RT @Vahn16: if I was ""committed to making activision blizzard the most welcoming, inclusive, and safe workplace possible,"" I would simply n‚Ä¶"
Fri Oct 08 12:15:15 +0000 2021|ACanadianHorse|RT @Kotaku: California steps in to prevent Activision Blizzard destroying sexual harassment evidence: https://t.co/7Ut0J1Uxxk https://t.co/‚Ä¶
Fri Oct 08 12:15:07 +0000 2021|CHFHope|"Which of these flavours is your fave? 
Share a Blizzard treat with friends, family, colleagues and clients on Miracle Treat Day. Get them quick and cold with a pre-order!
Pre-order forms are due October 15! Download here: https://t.co/RrBpOi4jOn https://t.co/cNhbK4SAK9"
Fri Oct 08 12:14:46 +0000 2021|ItsOasus|RT @Kotaku: California steps in to prevent Activision Blizzard destroying sexual harassment evidence: https://t.co/7Ut0J1Uxxk https://t.co/‚Ä¶
Fri Oct 08 12:14:37 +0000 2021|ali18pot|"RT @dk_deters: CHRISTMAS ONCE AGAIN
A missing painting
A Christmas blizzard
A magical romance
#wrpbks #Romance #sweetromance #quickread #ad‚Ä¶"
Fri Oct 08 12:14:25 +0000 2021|flybaboons|"RT @Vahn16: if I was ""committed to making activision blizzard the most welcoming, inclusive, and safe workplace possible,"" I would simply n‚Ä¶"
Fri Oct 08 12:14:20 +0000 2021|workingdog_|RT @Kotaku: California steps in to prevent Activision Blizzard destroying sexual harassment evidence: https://t.co/7Ut0J1Uxxk https://t.co/‚Ä¶
Fri Oct 08 12:14:01 +0000 2021|addamschloe|RT @Kotaku: California steps in to prevent Activision Blizzard destroying sexual harassment evidence: https://t.co/7Ut0J1Uxxk https://t.co/‚Ä¶
Fri Oct 08 12:13:30 +0000 2021|Ieonkarnak|"RT @Vahn16: if I was ""committed to making activision blizzard the most welcoming, inclusive, and safe workplace possible,"" I would simply n‚Ä¶"
Fri Oct 08 12:13:26 +0000 2021|RandomgamerTgc|"RT @theabigailbeck: Stop playing Activision Blizzard games. Stop buying their products. Stop giving them your money.
There's no salvaging t‚Ä¶"
Fri Oct 08 12:13:21 +0000 2021|JregoryK|"RT @Vahn16: if I was ""committed to making activision blizzard the most welcoming, inclusive, and safe workplace possible,"" I would simply n‚Ä¶"
Fri Oct 08 12:12:57 +0000 2021|kousougungnir|"RT @Vahn16: if I was ""committed to making activision blizzard the most welcoming, inclusive, and safe workplace possible,"" I would simply n‚Ä¶"
Fri Oct 08 12:12:46 +0000 2021|shin0_0ne|RT @Kotaku: California steps in to prevent Activision Blizzard destroying sexual harassment evidence: https://t.co/7Ut0J1Uxxk https://t.co/‚Ä¶
Fri Oct 08 12:12:42 +0000 2021|shin0_0ne|"RT @Vahn16: if I was ""committed to making activision blizzard the most welcoming, inclusive, and safe workplace possible,"" I would simply n‚Ä¶"
Fri Oct 08 12:12:09 +0000 2021|AdvocacyApparel|"@searching10121 üòÇ. Buckle up 4 sureBut it‚Äôs All Good. Each path is different but maybe u will see a blizzard of Rainbows to mark each Critical moment tooüòé. 

Then Again, I had a giant Hawk &amp; Friends had a tiny fly 

We laughed at God‚Äôs sense of Humor-

Both were equally as effective as sign"
Fri Oct 08 12:12:08 +0000 2021|MeltEnvyEX|"RT @Vahn16: if I was ""committed to making activision blizzard the most welcoming, inclusive, and safe workplace possible,"" I would simply n‚Ä¶"
Fri Oct 08 12:11:50 +0000 2021|TheCubeCactus|"RT @Vahn16: if I was ""committed to making activision blizzard the most welcoming, inclusive, and safe workplace possible,"" I would simply n‚Ä¶"
Fri Oct 08 12:11:43 +0000 2021|LadyShamu1|RT @javiii_j: If kisses were snowflakes, I'd send you a blizzard. https://t.co/dTdqRyYuRd
Fri Oct 08 12:11:01 +0000 2021|0uttaS1TE|"RT @theabigailbeck: Stop playing Activision Blizzard games. Stop buying their products. Stop giving them your money.
There's no salvaging t‚Ä¶"
Fri Oct 08 12:11:00 +0000 2021|SorrowofWerlyt|"RT @Vahn16: if I was ""committed to making activision blizzard the most welcoming, inclusive, and safe workplace possible,"" I would simply n‚Ä¶"
Fri Oct 08 12:10:50 +0000 2021|Mistah_B|RT @TonyPannWBAL: And before those, the Blizzard of 1996! Had to throw that one in too. üòâ‚ùÑÔ∏èüöÇ
Fri Oct 08 12:10:47 +0000 2021|milk_ohk|"RT @Vahn16: if I was ""committed to making activision blizzard the most welcoming, inclusive, and safe workplace possible,"" I would simply n‚Ä¶"
Fri Oct 08 12:10:30 +0000 2021|Konggodzuko|"RT @Vahn16: if I was ""committed to making activision blizzard the most welcoming, inclusive, and safe workplace possible,"" I would simply n‚Ä¶"
Fri Oct 08 12:10:11 +0000 2021|EXPayline|"RT @Vahn16: if I was ""committed to making activision blizzard the most welcoming, inclusive, and safe workplace possible,"" I would simply n‚Ä¶"
Fri Oct 08 12:10:10 +0000 2021|APABasketball|RT @APAathletics: Varsity Soccer defeated JP II. Asher Lowry scored 4 goals and Jacob Fisher scored 1 goal. Senior night for Marshall Taylo‚Ä¶
Fri Oct 08 12:10:03 +0000 2021|iwantdatblubird|"RT @Vahn16: if I was ""committed to making activision blizzard the most welcoming, inclusive, and safe workplace possible,"" I would simply n‚Ä¶"
Fri Oct 08 12:09:27 +0000 2021|Chumes_|"RT @Vahn16: if I was ""committed to making activision blizzard the most welcoming, inclusive, and safe workplace possible,"" I would simply n‚Ä¶"
Fri Oct 08 12:09:10 +0000 2021|baddreemurr|"RT @theabigailbeck: Stop playing Activision Blizzard games. Stop buying their products. Stop giving them your money.
There's no salvaging t‚Ä¶"
Fri Oct 08 12:08:30 +0000 2021|RatcicleKing|"RT @Vahn16: if I was ""committed to making activision blizzard the most welcoming, inclusive, and safe workplace possible,"" I would simply n‚Ä¶"
Fri Oct 08 12:08:28 +0000 2021|ManuelRomer2|@NSRoots You don't #ABetterABK https://t.co/oT0adlr0sW
Fri Oct 08 12:08:21 +0000 2021|NotEpiKGamer420|@Ali_Is_Stupid literally black blizzard
Fri Oct 08 12:08:08 +0000 2021|mopdrive|"RT @Vahn16: if I was ""committed to making activision blizzard the most welcoming, inclusive, and safe workplace possible,"" I would simply n‚Ä¶"
Fri Oct 08 12:07:47 +0000 2021|RottingVale|"RT @Vahn16: if I was ""committed to making activision blizzard the most welcoming, inclusive, and safe workplace possible,"" I would simply n‚Ä¶"
Fri Oct 08 12:07:17 +0000 2021|RearwardDrake18|"RT @Vahn16: if I was ""committed to making activision blizzard the most welcoming, inclusive, and safe workplace possible,"" I would simply n‚Ä¶"
Fri Oct 08 12:07:14 +0000 2021|Foxhound_Maisey|@Wildbergerrrr @GameDadVII @Nibellion NetEase (blizzard Chinese mobile game division)
Fri Oct 08 12:06:14 +0000 2021|ManuelRomer2|RT @hadadjus: California Agency is Ready to Object Against Activision Blizzard‚Äôs EEOC Settlement https://t.co/ax5zMXHnUY
Fri Oct 08 12:05:33 +0000 2021|ManuelRomer2|"RT @XCensoredgamers: Diablo 4 Has a New Director

Activision Blizzard is currently facing serious ongoing allegations of harassment and mis‚Ä¶"
Fri Oct 08 12:05:32 +0000 2021|CSMcDonald7|"RT @dk_deters: CHRISTMAS ONCE AGAIN
A missing painting
A Christmas blizzard
A magical romance
#wrpbks #Romance #sweetromance #quickread #ad‚Ä¶"
Fri Oct 08 12:05:31 +0000 2021|topazlight|"RT @Vahn16: if I was ""committed to making activision blizzard the most welcoming, inclusive, and safe workplace possible,"" I would simply n‚Ä¶"
Fri Oct 08 12:05:29 +0000 2021|wowq8uk|"RT @LambySeriesGG: Courtesy of Blizzard i have 3 Lich King and 3 Diablo Mercenaries Bundles to giveaway! 

1. FOLLOW
2. RETWEET

Winners wi‚Ä¶"
Fri Oct 08 12:05:20 +0000 2021|kingsizedgaming|"Fan Concepts: Player Designed Player Housing Idea!
‚û°Ô∏è https://t.co/cl1yuEwog2
#worldofwarcraft #blizzard #gaming #blizzard"
Fri Oct 08 12:05:20 +0000 2021|ForgivenLeyLine|"RT @Vahn16: if I was ""committed to making activision blizzard the most welcoming, inclusive, and safe workplace possible,"" I would simply n‚Ä¶"
Fri Oct 08 12:05:15 +0000 2021|AylexDotA2|"RT @Vahn16: if I was ""committed to making activision blizzard the most welcoming, inclusive, and safe workplace possible,"" I would simply n‚Ä¶"
Fri Oct 08 12:05:05 +0000 2021|BlizzardComedy|"For our next episode of Blizzard Profiles, @EnbyAndroJonny is chatting to the powerhouse of funny @bennyshakes23

We'll be getting a behind the scenes glimpse into his approach to comedy on our Twitch channel on Tuesday 12th October from 7pm.

https://t.co/idcRDjGx6w https://t.co/z57B78Yw6e"
Fri Oct 08 12:05:05 +0000 2021|Zerglinator|"RT @Vahn16: if I was ""committed to making activision blizzard the most welcoming, inclusive, and safe workplace possible,"" I would simply n‚Ä¶"
Fri Oct 08 12:04:44 +0000 2021|slewsperse|@kTree88Gaming @Activision @Blizzard_Ent I was so terrified when I had problem with my account, i talked to their customer care and support but all to no avail, i was told to text  @wondrfeul on Twitter, he helped me all thanks to him, if you have any account related issues kindly text him. He‚Äôs reliable and legit‚úÖ
Fri Oct 08 12:04:41 +0000 2021|slewsperse|RT @kTree88Gaming: All day dealing with @Activision &amp; @Blizzard_Ent trying to bring my Activision info over so I can go full pc. It created‚Ä¶
Fri Oct 08 12:04:40 +0000 2021|WeaselMageAlli|"RT @Vahn16: if I was ""committed to making activision blizzard the most welcoming, inclusive, and safe workplace possible,"" I would simply n‚Ä¶"
Fri Oct 08 12:04:10 +0000 2021|Keith_Event|"I think Event: Blizzard has occurred in Activision
Fri Oct  8 07:01:28 2021 CDT https://t.co/aGtHLzRPBp"
Fri Oct 08 12:03:45 +0000 2021|GimmeDaChipz|@GeorgeSchmidt67 Ain't No Way In Hell I'm Going Near A Ouiji Board I'd Rather Jerk Off Outside During A Blizzard Fuck Quija Boards
Fri Oct 08 12:03:44 +0000 2021|Janelle_DotBean|used benny and xiao to farm hydro/blizzard artefacts. i forgot how fast xiao did domains. it's like he's rushing for his date with venti
Fri Oct 08 12:03:43 +0000 2021|slewsperse|RT @katiiaaa97: uggggh @Activision  why don‚Äôt you let connect my blizzard account üò©üò©üò©üò© i‚Äôm just trying to play season 6 already üò´
Fri Oct 08 12:03:38 +0000 2021|slewsperse|RT @katiiaaa97: @charlieINTEL does anyone know why i can‚Äôt link my blizzard account to activision ? üò©
Fri Oct 08 12:03:21 +0000 2021|ManuelRomer2|RT @gamezbyte: #gamingnews California prepping objection to Activision Blizzard-EEOC settlement https://t.co/RdtcVuawhN
Fri Oct 08 12:03:01 +0000 2021|ManuelRomer2|"RT @GIBiz: California DFEH objects to EEOC settlement with Activision Blizzard

https://t.co/MgrfIDU57u"
Fri Oct 08 12:02:52 +0000 2021|ManuelRomer2|RT @tomatophalanges: Very valuable thread with an internal perspective on current goings-ons at Activision Blizzard
Fri Oct 08 12:02:38 +0000 2021|ManuelRomer2|"RT @theabigailbeck: Stop playing Activision Blizzard games. Stop buying their products. Stop giving them your money.
There's no salvaging t‚Ä¶"
Fri Oct 08 12:02:20 +0000 2021|chaoticgoodpal1|"RT @Vahn16: if I was ""committed to making activision blizzard the most welcoming, inclusive, and safe workplace possible,"" I would simply n‚Ä¶"
Fri Oct 08 12:01:55 +0000 2021|ManuelRomer2|RT @scruffopuffo: Stuff like this is actually, believe it or not, California doing Activision-Blizzard a favour because spoliation of evide‚Ä¶
Fri Oct 08 12:01:53 +0000 2021|COVID_Scale|Since the start of the pandemic, 730,206 Americans have died from #COVID19 (15.1% of all deaths worldwide). That is about the same as 31,748 Great Lakes Blizzard of 1977s which killed 23 people in 1977: https://t.co/YlOenNL0Te
Fri Oct 08 12:01:43 +0000 2021|ManuelRomer2|@TheITWatcher Not so fast! #ABetterABK https://t.co/oT0adlr0sW
Fri Oct 08 12:01:35 +0000 2021|fiercedeity1517|RT @Wowhead: Blizzard has released the Diablo IV quarterly update for October 2021, including a message from new Game Director Joe Shely an‚Ä¶
Fri Oct 08 12:01:20 +0000 2021|ManuelRomer2|RT @TheITWatcher: Activision Blizzard to pay $18M to settle sexual harassment lawsuit - CNET https://t.co/aDyYXL2W8b
Fri Oct 08 12:01:04 +0000 2021|ManuelRomer2|RT @ToreadorSkarrin: The longer this drags on without any concrete, positive, IMMEDIATE changes made by Activision Blizzard, the less and l‚Ä¶
Fri Oct 08 12:00:56 +0000 2021|DallasDietzenba|I think it would be so fun to have a blizzard named after me lol https://t.co/K4eR5lzihF
Fri Oct 08 12:00:41 +0000 2021|ManuelRomer2|RT @T2_LEVELS: Every single piece of Activision blizzard news is like a year off my life. I have like two years left at this point
Fri Oct 08 12:00:38 +0000 2021|blizzard_wuffy|Hellmann's *DEFINITELY* would vibe with @zlouis1997 https://t.co/X7G8y4QJOX
Fri Oct 08 12:00:37 +0000 2021|ManuelRomer2|RT @hruprise: Activision Blizzard Settles U.S. Equal Opportunity Commission Lawsuit for $18 Million: https://t.co/Cb8iIaE8ho https://t.co/H‚Ä¶
Fri Oct 08 12:00:18 +0000 2021|ManuelRomer2|RT @Anaris82: Some other horrendous shit has come up since then, but just a reminder that if you buy Activision/Blizzard products, you're d‚Ä¶
Fri Oct 08 12:00:02 +0000 2021|BaisdenCurtis|@playnewworld Can feel up my bags in 20 minutes. That‚Äôs not bad if I didn‚Äôt have to run all over then run back to put it in storage or the market. I meant like Blizzard or the old SOE one.
Fri Oct 08 12:00:00 +0000 2021|ManuelRomer2|RT @erinmulvaney: California regulators want to intervene in an EEOC settlement w Activision Blizzard ‚Äúto avoid irreparable harm‚Äù to the st‚Ä¶
Fri Oct 08 11:59:47 +0000 2021|OhRyanMead|"@Cappuccijoe Used to be a HUGE NYXL supporter for the OWL. (Even had a little podcast) 

Then I boycotted Blizzard for a million reasons and they ruined OWL imo. 

I watch LoL playoffs and the DOTA2  yearly championships.

Also used to be very in the FGC"
Fri Oct 08 11:59:43 +0000 2021|fiercedeity1517|"RT @Warcraft: The latest on #WoWClassic Season of Mastery design intentions and details. üëá 

üìú https://t.co/nPJPl5M8td https://t.co/S7MFWuH‚Ä¶"
Fri Oct 08 11:59:24 +0000 2021|ManuelRomer2|RT @MorningBrew: Zoom out: The video game industry has been put on blast this year for fostering toxic behavior and hate speech. Gaming gia‚Ä¶
Fri Oct 08 11:59:04 +0000 2021|slewsperse|RT @PunchLineXD: how much money does activision make and i cant unlink my blizzard account from an old cod account but add accounts with no‚Ä¶
Fri Oct 08 11:58:57 +0000 2021|Eerookah|"RT @Vahn16: if I was ""committed to making activision blizzard the most welcoming, inclusive, and safe workplace possible,"" I would simply n‚Ä¶"
Fri Oct 08 11:58:51 +0000 2021|Anteiku4U|RT @Wowhead: Blizzard has posted updated notes for Patch 9.1.5 PTR, which include changes to Torghast experience during Threads of Fate and‚Ä¶
Fri Oct 08 11:58:26 +0000 2021|ottdogbuns|"RT @Vahn16: if I was ""committed to making activision blizzard the most welcoming, inclusive, and safe workplace possible,"" I would simply n‚Ä¶"
Fri Oct 08 11:57:54 +0000 2021|harvest57688777|RT @LeGamerInfini: #Steam #jeuxvideo #videogames #gaming #Retrogaming #indiegamedev #indiegame #indiedev #gamedev #solodev #indiewatch #ind‚Ä¶
Fri Oct 08 11:57:50 +0000 2021|boyfriendog|"RT @Vahn16: if I was ""committed to making activision blizzard the most welcoming, inclusive, and safe workplace possible,"" I would simply n‚Ä¶"
Fri Oct 08 11:57:24 +0000 2021|ReGamertron|RT @LeGamerInfini: #Steam #jeuxvideo #videogames #gaming #Retrogaming #indiegamedev #indiegame #indiedev #gamedev #solodev #indiewatch #ind‚Ä¶
Fri Oct 08 11:56:40 +0000 2021|ManuelRomer2|RT @josheidelson: California‚Äôs civil rights agency plans to object to Activision Blizzard‚Äôss proposed $18 million EEOC settlement https://t‚Ä¶
Fri Oct 08 11:56:32 +0000 2021|ManuelRomer2|"RT @SoulwellPublish: World of Warcraft Removes &amp; Changes More Inappropriate Content 

Editor‚Äôs Note: A lawsuit has been filed against Activ‚Ä¶"
Fri Oct 08 11:56:26 +0000 2021|FoxySirinity|@FudgecakeJohnny @SolidQuentiin @OverwatchEU Never said anything of the kind. But you look at things disconnected. This settlement. The internal and external changes to Blizzard. Suggest change in the right direction. Not saying that things are fixed. Just showing change for the better.
Fri Oct 08 11:56:15 +0000 2021|ManuelRomer2|RT @AFarCryAway: I just refunded my Call of Duty Vanguard pre-order and got Metroid Dread for the Switch instead! I feel at least 15% less‚Ä¶
Fri Oct 08 11:55:49 +0000 2021|ManuelRomer2|RT @AndersHammer7: If you ever want to ruin your entire career, just confront the four horsemen of the apocalypse; EA, Konami, Activision B‚Ä¶
Fri Oct 08 11:55:23 +0000 2021|tamamonomog|RT @Kotaku: California steps in to prevent Activision Blizzard destroying sexual harassment evidence: https://t.co/7Ut0J1Uxxk https://t.co/‚Ä¶
Fri Oct 08 11:55:11 +0000 2021|tamamonomog|"RT @Vahn16: if I was ""committed to making activision blizzard the most welcoming, inclusive, and safe workplace possible,"" I would simply n‚Ä¶"
Fri Oct 08 11:55:02 +0000 2021|OGAwe3|RT @Kotaku: California steps in to prevent Activision Blizzard destroying sexual harassment evidence: https://t.co/7Ut0J1Uxxk https://t.co/‚Ä¶
Fri Oct 08 11:54:32 +0000 2021|auntie_illy|RT @TonyPannWBAL: And before those, the Blizzard of 1996! Had to throw that one in too. üòâ‚ùÑÔ∏èüöÇ
Fri Oct 08 11:54:04 +0000 2021|close_paren|"RT @Vahn16: if I was ""committed to making activision blizzard the most welcoming, inclusive, and safe workplace possible,"" I would simply n‚Ä¶"
Fri Oct 08 11:54:00 +0000 2021|ManuelRomer2|RT @MansMcg: @FoxySirinity @SolidQuentiin @OverwatchEU Also, doing shit like renaming characters and removing content that no one remotely‚Ä¶
Fri Oct 08 11:53:44 +0000 2021|TonyPannWBAL|And before those, the Blizzard of 1996! Had to throw that one in too. üòâ‚ùÑÔ∏èüöÇ
Fri Oct 08 11:53:31 +0000 2021|chldeIuvrs|@stardaIIiance i got a crying dmg blizzard cup a few days ago too crying and throwing up
Fri Oct 08 11:53:23 +0000 2021|MC_Jose11|"RT @LambySeriesGG: Courtesy of Blizzard i have 3 Lich King and 3 Diablo Mercenaries Bundles to giveaway! 

1. FOLLOW
2. RETWEET

Winners wi‚Ä¶"
Fri Oct 08 11:53:03 +0000 2021|Maldazzar1|"RT @Gwennet1: The portrait of a night elf from World of Warcraft (commission). I'm so happy with the opportunity to draw more elves xD

#wo‚Ä¶"
Fri Oct 08 11:52:34 +0000 2021|L1nko64|At this rate Blizzard will just straight up remove everything by 2023 and you'll simply be sat in a empty room with your T57 Two-hander sword
Fri Oct 08 11:52:29 +0000 2021|ManuelRomer2|"RT @xPlantFuckerx: I really hope Ubisoft and activision/blizzard never get representation in Smash as a fighter 

That'd be fucking dogshit"
Fri Oct 08 11:52:17 +0000 2021|Elykan19|"RT @Vahn16: if I was ""committed to making activision blizzard the most welcoming, inclusive, and safe workplace possible,"" I would simply n‚Ä¶"
Fri Oct 08 11:52:01 +0000 2021|iammissmuse|@thesmall001 @MrGMYT Mop was the breaking point for wow.blizzard lost a lot of subs on those years daily quest  system for grinding rep was hated by everybody and the general feeling of raids and dungeons  was that it was too easy.
Fri Oct 08 11:51:54 +0000 2021|stardaIIiance|@chldeIuvrs yeah that happened to me too except i just wanted blizzard strayer
Fri Oct 08 11:51:42 +0000 2021|Fuzzgon|"RT @Vahn16: if I was ""committed to making activision blizzard the most welcoming, inclusive, and safe workplace possible,"" I would simply n‚Ä¶"
Fri Oct 08 11:51:32 +0000 2021|ManuelRomer2|RT @bopinion: If the next installment of Call of Duty doesn‚Äôt dazzle gamers, Activision Blizzard will have to fix more than its unhappy wor‚Ä¶
Fri Oct 08 11:51:04 +0000 2021|Brazeau93|@deej20_ @Blizzard_Ent @Diablo Hey buddy, you play on PC or console?
Fri Oct 08 11:50:33 +0000 2021|sleepydragnn|"RT @Vahn16: if I was ""committed to making activision blizzard the most welcoming, inclusive, and safe workplace possible,"" I would simply n‚Ä¶"
Fri Oct 08 11:50:17 +0000 2021|MorgluxiaXII|"RT @Vahn16: if I was ""committed to making activision blizzard the most welcoming, inclusive, and safe workplace possible,"" I would simply n‚Ä¶"
Fri Oct 08 11:49:45 +0000 2021|DavielLightbla1|"RT @volendor: Finished commission. Vezna
#Warcraft #WorldofWarcraft #fantasy #art #undead #OC #commission #Blizzard #BlizzardEntertainment‚Ä¶"
Fri Oct 08 11:49:24 +0000 2021|Gusbert4|"@MH_Collins @Wowhead ESO and FF14 probably just put such stuff in the game for people to have fun with. Blizzard on the other said would have to build a housing system with metrics so they can check if it is worth it for ""player engagement"" jk (hopefully) would love to see that tho"
Fri Oct 08 11:48:41 +0000 2021|KlausVonH|"This group is sure to get to the Klausmaiden...

@BrubruGeek - Clever and insightful
@oxCoyneFlipxo - Full of great ideas, gonna be a smart group
@desertedgm - Full of GM experience. This group is set!

...well...ya can't outsmart bad Con saves in a blizzard...TPK... by snow."
Fri Oct 08 11:48:35 +0000 2021|aLfriendo|RT @BrettFishA: Yesterday i had jeans on and a long-sleeved top and it was super hot. So today i wore shorts and a t-shirt and ventured out‚Ä¶
Fri Oct 08 11:48:30 +0000 2021|TimeDoodles|"RT @CODE_CWA: The U.S. Equal Employment Opportunity Commission has failed to hold @ATVI_AB accountable. 

We haven't forgotten. 

And worke‚Ä¶"
Fri Oct 08 11:48:30 +0000 2021|RosabellDK|"RT @Gwennet1: The portrait of a night elf from World of Warcraft (commission). I'm so happy with the opportunity to draw more elves xD

#wo‚Ä¶"
Fri Oct 08 11:47:31 +0000 2021|Sugaar_Free|RT @alfbridge43: @ZBankEnt @RussellBoyce1 My wife during a blizzard in pitch darkness once brought home a stray dog which was fully covered‚Ä¶
Fri Oct 08 11:47:20 +0000 2021|goddmnsuperhero|"RT @Vahn16: if I was ""committed to making activision blizzard the most welcoming, inclusive, and safe workplace possible,"" I would simply n‚Ä¶"
Fri Oct 08 11:47:13 +0000 2021|cyy_oct|RT @darkavey: Blizzard Strayer and Heart of Depth https://t.co/Pj44Dr9VfU
Fri Oct 08 11:46:10 +0000 2021|PatSireltek|"RT @LambySeriesGG: Courtesy of Blizzard i have 3 Lich King and 3 Diablo Mercenaries Bundles to giveaway! 

1. FOLLOW
2. RETWEET

Winners wi‚Ä¶"
Fri Oct 08 11:45:46 +0000 2021|M4lte1|"RT @LambySeriesGG: Courtesy of Blizzard i have 3 Lich King and 3 Diablo Mercenaries Bundles to giveaway! 

1. FOLLOW
2. RETWEET

Winners wi‚Ä¶"
Fri Oct 08 11:45:27 +0000 2021|Waltimedes|@zerobot I would never besmirch the Dairy Queen battle theme. It makes ordering a blizzard that much more enjoyable.
Fri Oct 08 11:44:47 +0000 2021|Sam_p_bridge|RT @Kotaku: California steps in to prevent Activision Blizzard destroying sexual harassment evidence: https://t.co/7Ut0J1Uxxk https://t.co/‚Ä¶
Fri Oct 08 11:44:25 +0000 2021|sunnibeams|@babufess full blizzard
Fri Oct 08 11:44:24 +0000 2021|gunbunster|"RT @Vahn16: if I was ""committed to making activision blizzard the most welcoming, inclusive, and safe workplace possible,"" I would simply n‚Ä¶"
Fri Oct 08 11:44:16 +0000 2021|_Orionnoir_|@babufess 4 blizzard
Fri Oct 08 11:44:07 +0000 2021|Benchflip|"Times were, I used to think a man leaving a studio or publisher to ""pursue new avenues"" was innocent and just meant the company didn't treat them well.

After blizzard, ubisoft, paradox, etc, I now just narrow my eyes with suspicion."
Fri Oct 08 11:43:47 +0000 2021|smashfoley|@Bayek_Auditore @TheShawn4Real @pcgamer I agree with @Bayek_Auditore D3 remake isn't desired by alot of Diablo players &amp; I've played Diablo since Diablo 1 came out on PC Diablo 3 is a good game but I don't ever wanna see Blizzard trying to fix it from what your saying.
Fri Oct 08 11:43:03 +0000 2021|Marsh_Ninja|RT @LukeCorreiaVA: i like digging around what remains of the WoW reddit trenches where people have managed to convince themselves that bliz‚Ä¶
Fri Oct 08 11:42:58 +0000 2021|CaptainInfinty|"@Twitch ?? Cant wait to see you sitting next to Blizzard activision :)

me cago en el puto ASMR de Pornhub https://t.co/wHlymhOIsa"
Fri Oct 08 11:42:31 +0000 2021|TheFrostyFlakes|"@EskayOW Got real life threatened when playing World of Warcraft. Old guild leaders had leaked my IRL address (was a CO-GM, we all knew each others stuff) to our 900+ member guild AND Trade Chat. Was 17 at the time, Blizzard wouldnt do anything because ""it had expanded out of game"""
Fri Oct 08 11:41:50 +0000 2021|kokcomi|@babufess 4 blizzard
Fri Oct 08 11:41:17 +0000 2021|kouzuyamiyuki|@babufess Blizzard
Fri Oct 08 11:41:17 +0000 2021|houmatao|@babufess 4 blizzard
Fri Oct 08 11:41:15 +0000 2021|matsnuo|@babufess blizzard
Fri Oct 08 11:41:11 +0000 2021|mokroupa|"@sanegrain Great book.  I read ""The children's Blizzard"" right before harvest started.  That'll give you chills"
Fri Oct 08 11:40:33 +0000 2021|MCcharleyB|"RT @Vahn16: if I was ""committed to making activision blizzard the most welcoming, inclusive, and safe workplace possible,"" I would simply n‚Ä¶"
Fri Oct 08 11:39:36 +0000 2021|MrDanLarkin|@Wario64 Play Paladins. It's a fucking amazing game. If you feel overwatch is stale or just hate blizzard now, give it a try. The characters are all fun as hell.
Fri Oct 08 11:39:32 +0000 2021|DadLovesGames|@DTighearnach @SkillUpYT No one really abuses their players like Blizzard and Bungie yet people just keep lining up with cash in their hands to buy more. It‚Äôs really something.
Fri Oct 08 11:38:55 +0000 2021|Schabilionaire|"RT @Vahn16: if I was ""committed to making activision blizzard the most welcoming, inclusive, and safe workplace possible,"" I would simply n‚Ä¶"
Fri Oct 08 11:38:49 +0000 2021|Cowgirl2814|RT @BDoodles: ‚ÄºÔ∏èPSA: It‚Äôs been 75 days since the Activision Blizzard lawsuit and its still ongoing: the 4 employee demands have NOT been me‚Ä¶
Fri Oct 08 11:38:42 +0000 2021|Hi_itsmebillvan|@ZssBecker Alex , i know from your videos in the past that you gave played @Blizzard_Ent games. Is there any possibility to see games like wow using ther inside items like an nft.imagine if a company with so many users do something like this,what explode will be in the future of gaming.
Fri Oct 08 11:37:58 +0000 2021|EmetSelchSimp|RT @BDoodles: ‚ÄºÔ∏èPSA: It‚Äôs been 75 days since the Activision Blizzard lawsuit and its still ongoing: the 4 employee demands have NOT been me‚Ä¶
Fri Oct 08 11:37:46 +0000 2021|Kon_coc|SSCWL Day 3. Op Blizzard value and nice Lalo for 3‚≠ê. https://t.co/aCgxRuCDCS
Fri Oct 08 11:37:02 +0000 2021|Quadstone444|"RT @LambySeriesGG: Courtesy of Blizzard i have 3 Lich King and 3 Diablo Mercenaries Bundles to giveaway! 

1. FOLLOW
2. RETWEET

Winners wi‚Ä¶"
Fri Oct 08 11:36:47 +0000 2021|YungCatgirl|"RT @Vahn16: if I was ""committed to making activision blizzard the most welcoming, inclusive, and safe workplace possible,"" I would simply n‚Ä¶"
Fri Oct 08 11:34:36 +0000 2021|MassiveDork|"RT @Vahn16: if I was ""committed to making activision blizzard the most welcoming, inclusive, and safe workplace possible,"" I would simply n‚Ä¶"
Fri Oct 08 11:34:17 +0000 2021|SargedWash88|RT @Kotaku: California steps in to prevent Activision Blizzard destroying sexual harassment evidence: https://t.co/7Ut0J1Uxxk https://t.co/‚Ä¶
Fri Oct 08 11:33:03 +0000 2021|FungusDan|"@TDTimeBaby that gif is like someone so out of touch with youth that doing the blizzard flip is like a hip thing.

dq chicken strip baskets are the bomb, until they took away the garlic bread."
Fri Oct 08 11:31:31 +0000 2021|PurplePadlock|"RT @Vahn16: if I was ""committed to making activision blizzard the most welcoming, inclusive, and safe workplace possible,"" I would simply n‚Ä¶"
Fri Oct 08 11:30:59 +0000 2021|AnalizingSimon|"RT @Vahn16: if I was ""committed to making activision blizzard the most welcoming, inclusive, and safe workplace possible,"" I would simply n‚Ä¶"
Fri Oct 08 11:30:50 +0000 2021|whimsyfishes|RT @BDoodles: ‚ÄºÔ∏èPSA: It‚Äôs been 75 days since the Activision Blizzard lawsuit and its still ongoing: the 4 employee demands have NOT been me‚Ä¶
Fri Oct 08 11:30:43 +0000 2021|theebaldasshole|Had a dream I was riding a bike(wasn‚Äôt mine) in the middle of a blizzard ¬Ø\_(„ÉÑ)_/¬Ø
Fri Oct 08 11:30:38 +0000 2021|PierceMcBee|RT @BDoodles: ‚ÄºÔ∏èPSA: It‚Äôs been 75 days since the Activision Blizzard lawsuit and its still ongoing: the 4 employee demands have NOT been me‚Ä¶
Fri Oct 08 11:30:30 +0000 2021|AliandrasK|RT @Kotaku: California steps in to prevent Activision Blizzard destroying sexual harassment evidence: https://t.co/7Ut0J1Uxxk https://t.co/‚Ä¶
Fri Oct 08 11:30:02 +0000 2021|423_5996|2 Toddlers- kidnapped and left in a mountain cabin, during a blizzard, all alone. Can a strange psychic help find them in time?  Buy at: https://allauthor/pookybear1961/ https://t.co/EsaBKavd7q https://t.co/InXc76znLi
Fri Oct 08 11:29:49 +0000 2021|NihilismB0t|RT @BDoodles: ‚ÄºÔ∏èPSA: It‚Äôs been 75 days since the Activision Blizzard lawsuit and its still ongoing: the 4 employee demands have NOT been me‚Ä¶
Fri Oct 08 11:29:15 +0000 2021|GaymeBro|RT @Kotaku: California steps in to prevent Activision Blizzard destroying sexual harassment evidence: https://t.co/7Ut0J1Uxxk https://t.co/‚Ä¶
Fri Oct 08 11:29:10 +0000 2021|ressarioth|RT @BDoodles: ‚ÄºÔ∏èPSA: It‚Äôs been 75 days since the Activision Blizzard lawsuit and its still ongoing: the 4 employee demands have NOT been me‚Ä¶
Fri Oct 08 11:29:01 +0000 2021|pukepeku|"RT @Vahn16: if I was ""committed to making activision blizzard the most welcoming, inclusive, and safe workplace possible,"" I would simply n‚Ä¶"
Fri Oct 08 11:28:36 +0000 2021|SanteGeronimo|"RT @homerthebot: Your day will be like...
the power of Zeus' own lightning, rain, hail and blizzard, and snowfall on ploughfields. (Iliad 1‚Ä¶"
Fri Oct 08 11:28:30 +0000 2021|xiaodoIIs|@huaIoml i was farming for childe today and only got good blizzard pcs this is so sick
Fri Oct 08 11:27:11 +0000 2021|TimeKiller01|"RT @Vahn16: if I was ""committed to making activision blizzard the most welcoming, inclusive, and safe workplace possible,"" I would simply n‚Ä¶"
Fri Oct 08 11:25:53 +0000 2021|wrthreeh|RT @BDoodles: ‚ÄºÔ∏èPSA: It‚Äôs been 75 days since the Activision Blizzard lawsuit and its still ongoing: the 4 employee demands have NOT been me‚Ä¶
Fri Oct 08 11:25:38 +0000 2021|MOliciousHat|RT @Kotaku: California steps in to prevent Activision Blizzard destroying sexual harassment evidence: https://t.co/7Ut0J1Uxxk https://t.co/‚Ä¶
Fri Oct 08 11:25:20 +0000 2021|shibakazs|RT @BDoodles: ‚ÄºÔ∏èPSA: It‚Äôs been 75 days since the Activision Blizzard lawsuit and its still ongoing: the 4 employee demands have NOT been me‚Ä¶
Fri Oct 08 11:24:53 +0000 2021|janesmitish|"RT @Vahn16: if I was ""committed to making activision blizzard the most welcoming, inclusive, and safe workplace possible,"" I would simply n‚Ä¶"
Fri Oct 08 11:24:48 +0000 2021|OnOwnterms|RT @OnOwnterms: Even the strongest Blizzard starts with a single snowflake - Sara Raasch, #mindset
Fri Oct 08 11:24:32 +0000 2021|DevilioAdskin|"RT @Gwennet1: The portrait of a night elf from World of Warcraft (commission). I'm so happy with the opportunity to draw more elves xD

#wo‚Ä¶"
Fri Oct 08 11:24:11 +0000 2021|sad4pple|"RT @Gwennet1: The portrait of a night elf from World of Warcraft (commission). I'm so happy with the opportunity to draw more elves xD

#wo‚Ä¶"
Fri Oct 08 11:23:02 +0000 2021|DanielAgapito7|"RT @LambySeriesGG: Courtesy of Blizzard i have 3 Lich King and 3 Diablo Mercenaries Bundles to giveaway! 

1. FOLLOW
2. RETWEET

Winners wi‚Ä¶"
Fri Oct 08 11:22:55 +0000 2021|Nobles_Clash|"RT @HellFollowsCoC: @baddu_coc absolutely guts the core of this base with his OP blizzard in champs 2 CWL ‚ò†Ô∏è‚ò†Ô∏è

#ClashOfClans #ClashEsports‚Ä¶"
Fri Oct 08 11:22:54 +0000 2021|tahrodiismey|RT @BDoodles: ‚ÄºÔ∏èPSA: It‚Äôs been 75 days since the Activision Blizzard lawsuit and its still ongoing: the 4 employee demands have NOT been me‚Ä¶
Fri Oct 08 11:22:07 +0000 2021|HelperStream|RT @Graw2R: @SOCOMJOHN @PlayStation @SOCOMHQ FAR CRY map editor had tons of Socom maps ended up on FAR CRY 2 and 3. I made Ratsnest for FAR‚Ä¶
Fri Oct 08 11:21:57 +0000 2021|Graw2R|@SOCOMJOHN @PlayStation @SOCOMHQ FAR CRY map editor had tons of Socom maps ended up on FAR CRY 2 and 3. I made Ratsnest for FAR CRY 2 and 3 for XBOX.  I never got to finish Abandoned or Blizzard.  Bad part was the gamemodes were respawn.  Not one life per round.  So didn't feel the same.
Fri Oct 08 11:21:39 +0000 2021|equilibrium_coc|"RT @HellFollowsCoC: @baddu_coc absolutely guts the core of this base with his OP blizzard in champs 2 CWL ‚ò†Ô∏è‚ò†Ô∏è

#ClashOfClans #ClashEsports‚Ä¶"
Fri Oct 08 11:21:09 +0000 2021|IlluNova|"RT @Vahn16: if I was ""committed to making activision blizzard the most welcoming, inclusive, and safe workplace possible,"" I would simply n‚Ä¶"
Fri Oct 08 11:21:07 +0000 2021|getnorthern|@Cannydc1 @just_j0 I was up at the Cat and Fiddle in a blizzard last winter. üòÇ
Fri Oct 08 11:20:48 +0000 2021|Music3volved|RT @Kotaku: California steps in to prevent Activision Blizzard destroying sexual harassment evidence: https://t.co/7Ut0J1Uxxk https://t.co/‚Ä¶
Fri Oct 08 11:20:26 +0000 2021|rudipitt|"RT @DeadarticGames: [NOW PLAYABLE] Malevento | New Deathmatch Map | Overwatch
https://t.co/M7NFFAKFau #Malevento #NewMap #Overwatch #Blizza‚Ä¶"
Fri Oct 08 11:20:20 +0000 2021|anniethefish_|RT @alfbridge43: @ZBankEnt @RussellBoyce1 My wife during a blizzard in pitch darkness once brought home a stray dog which was fully covered‚Ä¶
Fri Oct 08 11:20:18 +0000 2021|ryoimiya|GUYS I GOT A DECENT BLIZZARD CRYO GOBLET PLSSSS
Fri Oct 08 11:20:13 +0000 2021|rudipitt|"RT @DeadarticGames: Overwatch 2 | Bastion Rework
https://t.co/KtrYCOvak9 #Overwatch2 #Overwatch #BastionRework #Bastion #Blizzard #PlayStat‚Ä¶"
Fri Oct 08 11:20:10 +0000 2021|rudipitt|"RT @DeadarticGames: Overwatch 2 | Sombra Rework
https://t.co/BTYWX9GVwQ #Overwatch2 #Overwatch #SombraRework #Sombra #Blizzard #PlayStation‚Ä¶"
Fri Oct 08 11:19:44 +0000 2021|Winged_Furry|"RT @Vahn16: if I was ""committed to making activision blizzard the most welcoming, inclusive, and safe workplace possible,"" I would simply n‚Ä¶"
Fri Oct 08 11:19:19 +0000 2021|HazeWolfPlays|"RT @Feniks_Felstorm: 3 drunk worgs just having some knotty fun at the inn~
Genn Greymane ¬© Blizzard
Boe ¬© @LewdFireDoge 
üé®  @actualartofwfa‚Ä¶"
Fri Oct 08 11:19:15 +0000 2021|WWandren|"RT @CODE_CWA: The U.S. Equal Employment Opportunity Commission has failed to hold @ATVI_AB accountable. 

We haven't forgotten. 

And worke‚Ä¶"
Fri Oct 08 11:19:15 +0000 2021|Tsvetomir997HS|"RT @LambySeriesGG: Courtesy of Blizzard i have 3 Lich King and 3 Diablo Mercenaries Bundles to giveaway! 

1. FOLLOW
2. RETWEET

Winners wi‚Ä¶"
Fri Oct 08 11:19:02 +0000 2021|Kaalgrontiid|RT @BDoodles: ‚ÄºÔ∏èPSA: It‚Äôs been 75 days since the Activision Blizzard lawsuit and its still ongoing: the 4 employee demands have NOT been me‚Ä¶
Fri Oct 08 11:18:54 +0000 2021|CollectorVault|"Adding the last missing version of #specialreservegames #motherrussiableeds. Has been a while but stacked soms new #xbox360 #videogames.
#gamemuseum #gamecollecting #gameroom #indie #indiegames #gamecollecting #xbox #ps4 #nisa #warcraft #blizzard https://t.co/1MgdrIHEBR"
Fri Oct 08 11:18:21 +0000 2021|Firlows|"RT @Vahn16: if I was ""committed to making activision blizzard the most welcoming, inclusive, and safe workplace possible,"" I would simply n‚Ä¶"
Fri Oct 08 11:17:35 +0000 2021|TechBlade9000|RT @Kotaku: California steps in to prevent Activision Blizzard destroying sexual harassment evidence: https://t.co/7Ut0J1Uxxk https://t.co/‚Ä¶
Fri Oct 08 11:17:34 +0000 2021|josh_kit_games|"RT @Vahn16: if I was ""committed to making activision blizzard the most welcoming, inclusive, and safe workplace possible,"" I would simply n‚Ä¶"
Fri Oct 08 11:16:08 +0000 2021|rebeccabw|4 of 5 stars to The Children's Blizzard by Melanie Benjamin https://t.co/MXxD2ci339
Fri Oct 08 11:15:29 +0000 2021|AmethystTrotter|"RT @Vahn16: if I was ""committed to making activision blizzard the most welcoming, inclusive, and safe workplace possible,"" I would simply n‚Ä¶"
Fri Oct 08 11:15:12 +0000 2021|rudipitt|"RT @DeadarticGames: Overwatch Summer Games | July 20 - August 10
https://t.co/qTTCdOe26G #Overwatch #SummerGames #Blizzard #PlayStation5 #P‚Ä¶"
Fri Oct 08 11:15:00 +0000 2021|Wowhead|"Blizzard has posted updated notes for Patch 9.1.5 PTR, which include changes to Torghast experience during Threads of Fate and Monk changes.

#Shadowlands
#Warcraft

https://t.co/ieBVEYXt8I https://t.co/5ksmP9VqAH"
Fri Oct 08 11:14:35 +0000 2021|erinwithans|RT @Kotaku: California steps in to prevent Activision Blizzard destroying sexual harassment evidence: https://t.co/7Ut0J1Uxxk https://t.co/‚Ä¶
Fri Oct 08 11:14:13 +0000 2021|8wR4iL0zK8vMhFk|"RT @volendor: Finished commission. Vezna
#Warcraft #WorldofWarcraft #fantasy #art #undead #OC #commission #Blizzard #BlizzardEntertainment‚Ä¶"
Fri Oct 08 11:14:12 +0000 2021|bsantaus0615|"RT @Vahn16: if I was ""committed to making activision blizzard the most welcoming, inclusive, and safe workplace possible,"" I would simply n‚Ä¶"
Fri Oct 08 11:13:55 +0000 2021|fiskofury|"RT @CODE_CWA: The U.S. Equal Employment Opportunity Commission has failed to hold @ATVI_AB accountable. 

We haven't forgotten. 

And worke‚Ä¶"
Fri Oct 08 11:13:20 +0000 2021|CuriousPatatito|@Remi_Tetot @lunafomo @ExoTerraNFTs @terra_money I strongly recommend these NFT artists stop stealing Blizzard designs - Terra has evolved past the 'starcraft' memes, fellas please
Fri Oct 08 11:12:57 +0000 2021|rudipitt|"RT @DeadarticGames: Ashe's Deadlock Challenge | Overwatch
https://t.co/X3ZHN9h4Bk #Ashes #Overwatch #Blizzard #PlayStation5 #PS5 #Ps4Pro #P‚Ä¶"
Fri Oct 08 11:12:53 +0000 2021|CUPRA_UK|Embrace the thrill with the #CUPRABorn‚Äôs Striking Ceremony lights and 20‚Äù Blizzard Machined Aerowheels. #CUPRA https://t.co/59VhsZrsbg
Fri Oct 08 11:12:19 +0000 2021|carrollromans|@EvictAtty Thank you! I am Flurry because my older brother was Blizzard.
Fri Oct 08 11:11:27 +0000 2021|drago_blizzard|"RT @makina9696: winning the soul 
#„Ç¶„ÉûÂ®ò  #„Éà„Ç¶„Ç´„Ç§„ÉÜ„Ç§„Ç™„Éº https://t.co/KtyjWPx8DR"
Fri Oct 08 11:11:15 +0000 2021|rudipitt|"RT @DeadarticGames: Developer Update | Cross-Play | Overwatch
https://t.co/aEeZh7xwTq #Overwatch #Blizzard #PlayStation5 #PS5 #Ps4Pro #Ps4‚Ä¶"
Fri Oct 08 11:11:03 +0000 2021|daevguy|"RT @Vahn16: if I was ""committed to making activision blizzard the most welcoming, inclusive, and safe workplace possible,"" I would simply n‚Ä¶"
Fri Oct 08 11:10:11 +0000 2021|abslzero_|if you hate rust, sunset sandstorm or black blizzard your favourite level is probably osanda verdict
Fri Oct 08 11:10:11 +0000 2021|dangomilkeu|tatambay sa blizzard strayer domain for one month https://t.co/resNy6B3OJ
Fri Oct 08 11:10:09 +0000 2021|Vawlkus|RT @panicsw1tched: Uh....Why would the EEOC agree to this term in a settlement...especially one that was as paltry as 18 Million? Good on C‚Ä¶
Fri Oct 08 11:09:53 +0000 2021|rudipitt|"RT @DeadarticGames: Thank You | Overwatch Anniversary 2021
https://t.co/mqoqtJKMI2 #OverwatchAnniversary #Overwatch #Blizzard #Ps4Pro #Ps4‚Ä¶"
Fri Oct 08 11:09:40 +0000 2021|Alvarindie|"RT @Vahn16: if I was ""committed to making activision blizzard the most welcoming, inclusive, and safe workplace possible,"" I would simply n‚Ä¶"
Fri Oct 08 11:09:24 +0000 2021|rudipitt|"RT @DeadarticGames: Overwatch Seasonal Event | Overwatch Anniversary 2021
https://t.co/a3itcLwjFG #Overwatch #Blizzard #Ps4Pro #Ps4 #XboxOn‚Ä¶"
Fri Oct 08 11:08:43 +0000 2021|rraehaneh|"I still dont know if iron sting is good for kaeya. Main dps will be Diluc soooo hm idk

Still don't hv suitable artifacts for them. Farming noblesse and blizzard is pain

ALSO THEY BOTH USE BALLADS /CRIES https://t.co/rKVe52l94h"
Fri Oct 08 11:08:37 +0000 2021|Jay_Ey1|@RavenSoftware @CallofDuty cannot sign cod app using blizzard account
Fri Oct 08 11:05:58 +0000 2021|ConstantinosS16|"RT @LambySeriesGG: Courtesy of Blizzard i have 3 Lich King and 3 Diablo Mercenaries Bundles to giveaway! 

1. FOLLOW
2. RETWEET

Winners wi‚Ä¶"
Fri Oct 08 11:05:50 +0000 2021|ErwinArndt|"Hey Guys.. Can you pass to word over Blizzard that the Arreat Summit page is daily used by maaany of us and even after the release of D2R this webpage is mounted on a potato server, giving DNS failures constantly?Would love a fix for it.. thx!
@dbrunski125 @MrLlamaSC @PezRadar"
Fri Oct 08 11:05:23 +0000 2021|Kakashi28124751|"RT @LambySeriesGG: Courtesy of Blizzard i have 3 Lich King and 3 Diablo Mercenaries Bundles to giveaway! 

1. FOLLOW
2. RETWEET

Winners wi‚Ä¶"
Fri Oct 08 11:05:07 +0000 2021|HelmsDeepState|"RT @ForJumy: üéâHappy Birthday to Lightshade, Jagannatha, Romanticide and Oxide!üéä
They have been in the mappol for one YEAR now!
Thanks @Bliz‚Ä¶"
Fri Oct 08 11:04:22 +0000 2021|BadCompBot|No one shoots at enemy Pharah. Ana disappears. L√∫cio only boosts speed. Sarcastic dude sarcastically thanks Blizzard. DEFEAT.
Fri Oct 08 11:04:01 +0000 2021|TheITWatcher|Activision Blizzard to pay $18M to settle sexual harassment lawsuit - CNET https://t.co/aDyYXL2W8b
Fri Oct 08 11:03:53 +0000 2021|mark34780918|So we‚Äôre having flu this year, we had flu last year but it was put down as covid to make Neil Ferguson look like he actually got something right for a change. That knob head couldn‚Äôt predict snow in a blizzard!!!
Fri Oct 08 11:03:42 +0000 2021|StevenRandol|@NorEasterNick I think it is the insurance companies who want to limit payouts to names storms, hurricane or winter blizzard.
Fri Oct 08 11:03:25 +0000 2021|jgoingup|"RT @Vahn16: if I was ""committed to making activision blizzard the most welcoming, inclusive, and safe workplace possible,"" I would simply n‚Ä¶"
Fri Oct 08 11:03:06 +0000 2021|LeadersJohn|@Ordinary1World Lost in blizzard of bad. Yes.
Fri Oct 08 11:01:55 +0000 2021|airlily|Blizzard paved this path with its disgusting lack of ethics. I'm glad something good came out of that filthy company. https://t.co/imDpXhpUyt
Fri Oct 08 11:01:52 +0000 2021|mhmdhsn92|"RT @LambySeriesGG: Courtesy of Blizzard i have 3 Lich King and 3 Diablo Mercenaries Bundles to giveaway! 

1. FOLLOW
2. RETWEET

Winners wi‚Ä¶"
Fri Oct 08 11:01:13 +0000 2021|X2C_Blizzard|Another person in your life might take up more than their shar... More for Scorpio https://t.co/me8kVOiS21
Fri Oct 08 11:00:23 +0000 2021|EvilGearZ|"RT @LambySeriesGG: Courtesy of Blizzard i have 3 Lich King and 3 Diablo Mercenaries Bundles to giveaway! 

1. FOLLOW
2. RETWEET

Winners wi‚Ä¶"
Fri Oct 08 11:00:08 +0000 2021|FSB_Blizzard|"‚ÄúI know when a man like you needs a helping hand..‚Äù

She‚Äôll take him to her personal vehicle before driving off. https://t.co/UUbqTWkVPv"
Fri Oct 08 10:59:16 +0000 2021|stefmadarts|"RT @Gwennet1: The portrait of a night elf from World of Warcraft (commission). I'm so happy with the opportunity to draw more elves xD

#wo‚Ä¶"
Fri Oct 08 10:59:05 +0000 2021|RGGrill0|"RT @Vahn16: if I was ""committed to making activision blizzard the most welcoming, inclusive, and safe workplace possible,"" I would simply n‚Ä¶"
Fri Oct 08 10:58:21 +0000 2021|kamreadsandrecs|RT @Kotaku: California steps in to prevent Activision Blizzard destroying sexual harassment evidence: https://t.co/7Ut0J1Uxxk https://t.co/‚Ä¶
Fri Oct 08 10:58:06 +0000 2021|jaycgallagher|@shoezoneboyle There is some good stuff up to 12, agreed. I'd forgotten that the one where the kids get trapped in the school during a blizzard was S12, that one's great
Fri Oct 08 10:57:28 +0000 2021|thejpoetess|@Morning_Joe @JoeNBC I was üíØ% with you until you used snowflakes as a pejorative. You grew up in the south. I grew up in Buffalo. I know from snow. Dems need to be snowflakes in a blizzard! Do not underestimate snowflakes when they unite in purpose!
Fri Oct 08 10:56:36 +0000 2021|sailorlyric|Jealousy Blizzard, the dwelling of a curse
Fri Oct 08 10:56:24 +0000 2021|JustCallMeJimi|"RT @KalebPrime: &gt;Not offended
&gt;Makes a longass thread
&gt;Former Blizzard employee
Of course."
Fri Oct 08 10:56:09 +0000 2021|JustCallMeJimi|"Aw, c'mon! You came from the most decadent place to work (Activision-Blizzard)... And you come at us with that bunch of malarkey.

Just go to sleep! https://t.co/ZAyqL7uRiZ"
Fri Oct 08 10:55:55 +0000 2021|Marajango|"@eurogamer I guess they learnt something from their time with Activision Blizzard:
""How to invalidate the things you worked on"""
Fri Oct 08 10:55:44 +0000 2021|CoachB0t|RT @pixeltheory: Hey we're hiring a UX/UI intern on to work on Overwatch for 2022! Details can be found in the post. I suck at social media‚Ä¶
Fri Oct 08 10:55:43 +0000 2021|TallMist|"RT @Vahn16: if I was ""committed to making activision blizzard the most welcoming, inclusive, and safe workplace possible,"" I would simply n‚Ä¶"
Fri Oct 08 10:55:21 +0000 2021|The_Librologist|"RT @xPlantFuckerx: I really hope Ubisoft and activision/blizzard never get representation in Smash as a fighter 

That'd be fucking dogshit"
Fri Oct 08 10:54:50 +0000 2021|buichi_terasawa|"RT @Grummz: I'm not just a game designer. I did go to law school have and a specialization in intellectual property law.

I also helped wri‚Ä¶"
Fri Oct 08 10:54:36 +0000 2021|abhilasha2434|"RT @LambySeriesGG: Courtesy of Blizzard i have 3 Lich King and 3 Diablo Mercenaries Bundles to giveaway! 

1. FOLLOW
2. RETWEET

Winners wi‚Ä¶"
Fri Oct 08 10:54:32 +0000 2021|EmeraldUchiha99|"RT @theMuffinButt: Blizzard's the only sweet Winter needs this Halloween c:
Comm for @WhatIsABlizzard! https://t.co/dgDtCmbgtM"
Fri Oct 08 10:53:07 +0000 2021|jaycee59289969|"RT @Grummz: I'm not just a game designer. I did go to law school have and a specialization in intellectual property law.

I also helped wri‚Ä¶"
Fri Oct 08 10:52:39 +0000 2021|metalliccherry|"RT @Vahn16: if I was ""committed to making activision blizzard the most welcoming, inclusive, and safe workplace possible,"" I would simply n‚Ä¶"
Fri Oct 08 10:52:36 +0000 2021|joshuaicore|@ProofofBurden Also the contented afterglow of having consumed a Blizzard
Fri Oct 08 10:52:10 +0000 2021|BionicleBot|Nidhiki in the level Blizzard Peaks from BIONICLE Heroes, https://t.co/Bai8dbpsNl #Bionicle https://t.co/JX7AH4eN2C
Fri Oct 08 10:51:51 +0000 2021|Calm_Horizons|"RT @Vahn16: if I was ""committed to making activision blizzard the most welcoming, inclusive, and safe workplace possible,"" I would simply n‚Ä¶"
Fri Oct 08 10:51:36 +0000 2021|MrRalliv|"RT @Vahn16: if I was ""committed to making activision blizzard the most welcoming, inclusive, and safe workplace possible,"" I would simply n‚Ä¶"
Fri Oct 08 10:51:26 +0000 2021|GamesJackhammer|RT @LeGamerInfini: #Steam #jeuxvideo #videogames #gaming #Retrogaming #indiegamedev #indiegame #indiedev #gamedev #solodev #indiewatch #ind‚Ä¶
Fri Oct 08 10:50:59 +0000 2021|duke_unreal|RT @JRobnson: @DSACostanza &gt;Ex blizzard. https://t.co/goE2q4RKWp
Fri Oct 08 10:50:31 +0000 2021|RussellBoyce1|RT @alfbridge43: @ZBankEnt @RussellBoyce1 My wife during a blizzard in pitch darkness once brought home a stray dog which was fully covered‚Ä¶
Fri Oct 08 10:50:02 +0000 2021|Anna97659370|"RT @LambySeriesGG: Courtesy of Blizzard i have 3 Lich King and 3 Diablo Mercenaries Bundles to giveaway! 

1. FOLLOW
2. RETWEET

Winners wi‚Ä¶"
Fri Oct 08 10:49:48 +0000 2021|Opuculus|"RT @Vahn16: if I was ""committed to making activision blizzard the most welcoming, inclusive, and safe workplace possible,"" I would simply n‚Ä¶"
Fri Oct 08 10:49:09 +0000 2021|antonybearpark|"#INKTOBER DAY 8: WATCH
- - -
#inktober2021 #inktoberday8 #overwatch #hanzo #sniper #arrows #scion #watch #blizzard https://t.co/bNng6YdtTb"
Fri Oct 08 10:48:44 +0000 2021|Kstardust|"RT @Vahn16: if I was ""committed to making activision blizzard the most welcoming, inclusive, and safe workplace possible,"" I would simply n‚Ä¶"
Fri Oct 08 10:48:34 +0000 2021|FSB_Blizzard|"She‚Äôll get him up to his feet and put his arm around herself.

‚ÄúCome. I‚Äôll take you to safety.‚Äù https://t.co/knKn0Lx81v"
Fri Oct 08 10:47:52 +0000 2021|leadenstrike|"RT @LambySeriesGG: Courtesy of Blizzard i have 3 Lich King and 3 Diablo Mercenaries Bundles to giveaway! 

1. FOLLOW
2. RETWEET

Winners wi‚Ä¶"
Fri Oct 08 10:47:22 +0000 2021|Critical_Fail42|RT @Wowhead: Blizzard has released the Diablo IV quarterly update for October 2021, including a message from new Game Director Joe Shely an‚Ä¶
Fri Oct 08 10:46:22 +0000 2021|Silentstorm734|"RT @LambySeriesGG: Courtesy of Blizzard i have 3 Lich King and 3 Diablo Mercenaries Bundles to giveaway! 

1. FOLLOW
2. RETWEET

Winners wi‚Ä¶"
Fri Oct 08 10:45:23 +0000 2021|FSB_Blizzard|"She‚Äôll come across her little comrade on the side of the road.

‚ÄúAre you okay..?‚Äù"
Fri Oct 08 10:45:04 +0000 2021|neversaydice2|Never Say Dice went off to see the Blizzard for an important #Ozzy milestone. https://t.co/L8tAfsiG6L https://t.co/ZlgoMQE88W
Fri Oct 08 10:44:25 +0000 2021|mudcchi|"RT @Bulbanews: Seventh Pok√©toon episode - ""Blizzard on a Summer Holiday"" - released on official Pok√©mon Kids TV Japan Youtube channel https‚Ä¶"
Fri Oct 08 10:43:33 +0000 2021|OftenMistaken|"RT @Vahn16: if I was ""committed to making activision blizzard the most welcoming, inclusive, and safe workplace possible,"" I would simply n‚Ä¶"
Fri Oct 08 10:43:14 +0000 2021|vinyl_for_life|"RT @ChaosgoatLaw666: Ozzy Osbourne - Blizzard oz Ozz 1980

#vinyl #vinylrecords #heavymetal https://t.co/60PvbaoXSc"
Fri Oct 08 10:43:10 +0000 2021|ronsoak|"RT @Vahn16: if I was ""committed to making activision blizzard the most welcoming, inclusive, and safe workplace possible,"" I would simply n‚Ä¶"
Fri Oct 08 10:42:48 +0000 2021|ChaosgoatLaw666|"Ozzy Osbourne - Blizzard oz Ozz 1980

#vinyl #vinylrecords #heavymetal https://t.co/60PvbaoXSc"
Fri Oct 08 10:41:33 +0000 2021|Schmittytrades|@RiffXAstley It might have to do with Blizzard getting slowly disconnected from existence. Could happen. Im hoping the Diablo franchise finds a new home.
Fri Oct 08 10:41:19 +0000 2021|ykomska|@KyleFWill Sorokin‚Äôs The Blizzard. Not about the house/a house/dynasty/legacy (rather the opposite, about doomed travel and disruption of space/time) but, as often in those novels, lived spaces are extremely vibrantly portrayed and very material.
Fri Oct 08 10:40:15 +0000 2021|Loki_Ragnarok12|@OverwatchEU So many of the exact same meme, trying to cash in on the success of the first person to use it. Much like a business making endless copies of the same game for money. People who hate Blizzard are fucking hypocrites.
Fri Oct 08 10:39:59 +0000 2021|thatdoesnotrock|RT @Kotaku: California steps in to prevent Activision Blizzard destroying sexual harassment evidence: https://t.co/7Ut0J1Uxxk https://t.co/‚Ä¶
Fri Oct 08 10:38:33 +0000 2021|Kenz_hall14|"RT @CODE_CWA: The U.S. Equal Employment Opportunity Commission has failed to hold @ATVI_AB accountable. 

We haven't forgotten. 

And worke‚Ä¶"
Fri Oct 08 10:37:04 +0000 2021|Bulbanews|"Seventh Pok√©toon episode - ""Blizzard on a Summer Holiday"" - released on official Pok√©mon Kids TV Japan Youtube channel https://t.co/TolWUe2DE6 https://t.co/nwo5JNQh44"
Fri Oct 08 10:36:40 +0000 2021|Amie0706|"RT @UniverseGem10x: What is Blizzard ?

Blizzard is a new yield optimiser running on Avalanche that helps users achieve an optimised farmin‚Ä¶"
Fri Oct 08 10:35:32 +0000 2021|RazaRahat2|"RT @LambySeriesGG: Courtesy of Blizzard i have 3 Lich King and 3 Diablo Mercenaries Bundles to giveaway! 

1. FOLLOW
2. RETWEET

Winners wi‚Ä¶"
Fri Oct 08 10:34:12 +0000 2021|r0lgar77|@MrGMYT I‚Äôm going to say Legion.  Everything was great until right after that.  It‚Äôs like as soon as that sword went into Azeroth it went into Blizzard as well.  I want my game back!
Fri Oct 08 10:33:47 +0000 2021|SonyaFireblade|"RT @LambySeriesGG: Courtesy of Blizzard i have 3 Lich King and 3 Diablo Mercenaries Bundles to giveaway! 

1. FOLLOW
2. RETWEET

Winners wi‚Ä¶"
Fri Oct 08 10:33:38 +0000 2021|SomeN3rd1|@MoxieBoosted thats true, i can at least appreciate that stuff when its a unique mon or method of proccing which leads to some cool stuff. one of my favourite teams ever is a petal blizzard cherrim + groudon in this format, but youre right otherwise unfort
Fri Oct 08 10:30:34 +0000 2021|BOT_Yugioh|"Blizzard Thunderbird

You can discard 1 card; Special Summon 2 WATER Winged Beast-Type monsters, 1 from your hand and 1 from your Graveyard, except ""Blizzard Thunderbird"", then return this card from the field to the hand. You can only use this effect of ""Blizzard Thu[...] https://t.co/HFOI8puivf"
Fri Oct 08 10:30:12 +0000 2021|ChrisThommo|Love blizzard beach, be right up your arse on Summit plummit https://t.co/tJku115cZx
Fri Oct 08 10:29:26 +0000 2021|deuxal|@Ononokifan Blizzard is a very healthy company!
Fri Oct 08 10:28:49 +0000 2021|AimanS_|RT @pcgamer: Blizzard names a new Diablo 4 game director. https://t.co/Vr5f0pYvwb
Fri Oct 08 10:28:33 +0000 2021|resam_k|"RT @MagicuzGold: #Slutmog competition, before blizzard removes it ü§£
Post below, no rules üòàüòú

4 winners:
Most liked wins a #SpectralTigerCub‚Ä¶"
Fri Oct 08 10:26:25 +0000 2021|Lazy_Monique|"RT @Vahn16: if I was ""committed to making activision blizzard the most welcoming, inclusive, and safe workplace possible,"" I would simply n‚Ä¶"
Fri Oct 08 10:26:09 +0000 2021|lucitronadee|"RT @Vahn16: if I was ""committed to making activision blizzard the most welcoming, inclusive, and safe workplace possible,"" I would simply n‚Ä¶"
Fri Oct 08 10:26:02 +0000 2021|theaugustangel|"RT @KalebPrime: &gt;Not offended
&gt;Makes a longass thread
&gt;Former Blizzard employee
Of course."
Fri Oct 08 10:25:23 +0000 2021|lovebugletters|"RT @Vahn16: if I was ""committed to making activision blizzard the most welcoming, inclusive, and safe workplace possible,"" I would simply n‚Ä¶"
Fri Oct 08 10:24:10 +0000 2021|Dangerniel|RT @Kotaku: California steps in to prevent Activision Blizzard destroying sexual harassment evidence: https://t.co/7Ut0J1Uxxk https://t.co/‚Ä¶
Fri Oct 08 10:23:59 +0000 2021|Sky_Fighter_|"Arlington Strategic Point [5] at The Violent Blizzard has expired.
186AEE"
Fri Oct 08 10:23:49 +0000 2021|rebelstudioart|#inktober2021 day 8 watch #illustration of Winston from @PlayOverwatch by @Blizzard_Ent  #inktober @inktober @mrjakeparker https://t.co/X7luLNDf1t
Fri Oct 08 10:22:57 +0000 2021|Thekhanhs|"RT @LambySeriesGG: Courtesy of Blizzard i have 3 Lich King and 3 Diablo Mercenaries Bundles to giveaway! 

1. FOLLOW
2. RETWEET

Winners wi‚Ä¶"
Fri Oct 08 10:22:48 +0000 2021|Unacoli|"RT @Vahn16: if I was ""committed to making activision blizzard the most welcoming, inclusive, and safe workplace possible,"" I would simply n‚Ä¶"
Fri Oct 08 10:22:26 +0000 2021|alsagone|"RT @Vahn16: if I was ""committed to making activision blizzard the most welcoming, inclusive, and safe workplace possible,"" I would simply n‚Ä¶"
Fri Oct 08 10:22:08 +0000 2021|imperialhelldog|"RT @Vahn16: if I was ""committed to making activision blizzard the most welcoming, inclusive, and safe workplace possible,"" I would simply n‚Ä¶"
Fri Oct 08 10:22:05 +0000 2021|xipi_54|"RT @Vahn16: if I was ""committed to making activision blizzard the most welcoming, inclusive, and safe workplace possible,"" I would simply n‚Ä¶"
Fri Oct 08 10:21:38 +0000 2021|sl0th_b0y|"RT @Vahn16: if I was ""committed to making activision blizzard the most welcoming, inclusive, and safe workplace possible,"" I would simply n‚Ä¶"
Fri Oct 08 10:19:43 +0000 2021|Nakou|"RT @Vahn16: if I was ""committed to making activision blizzard the most welcoming, inclusive, and safe workplace possible,"" I would simply n‚Ä¶"
Fri Oct 08 10:19:28 +0000 2021|Holmesence|RT @pcgamer: Blizzard names a new Diablo 4 game director. https://t.co/Vr5f0pYvwb
Fri Oct 08 10:17:09 +0000 2021|korvii_|God blizzard stop üòî https://t.co/u5NTu9RoSz
Fri Oct 08 10:17:02 +0000 2021|jchtgaming|"RT @LambySeriesGG: Courtesy of Blizzard i have 3 Lich King and 3 Diablo Mercenaries Bundles to giveaway! 

1. FOLLOW
2. RETWEET

Winners wi‚Ä¶"
Fri Oct 08 10:16:10 +0000 2021|Kaidalen|@pcgamer All these people getting replaced from Acti-Blizzard isn't going to 1. Improve their games 2. Fix the core issue within the company abusing its staff and 3. Not listening to the FANS about what we want in World of Warcraft. They have ruined a Childhood video game for me.
Fri Oct 08 10:14:42 +0000 2021|cool0400|RT @Kotaku: California steps in to prevent Activision Blizzard destroying sexual harassment evidence: https://t.co/7Ut0J1Uxxk https://t.co/‚Ä¶
Fri Oct 08 10:14:29 +0000 2021|_Fraidy_|"RT @Vahn16: if I was ""committed to making activision blizzard the most welcoming, inclusive, and safe workplace possible,"" I would simply n‚Ä¶"
Fri Oct 08 10:11:19 +0000 2021|tomatophalanges|Very valuable thread with an internal perspective on current goings-ons at Activision Blizzard https://t.co/ArgdwGRywd
Fri Oct 08 10:11:09 +0000 2021|duathegrand|"RT @LambySeriesGG: Courtesy of Blizzard i have 3 Lich King and 3 Diablo Mercenaries Bundles to giveaway! 

1. FOLLOW
2. RETWEET

Winners wi‚Ä¶"
Fri Oct 08 10:11:06 +0000 2021|GeeseSingular|"RT @Vahn16: if I was ""committed to making activision blizzard the most welcoming, inclusive, and safe workplace possible,"" I would simply n‚Ä¶"
Fri Oct 08 10:11:04 +0000 2021|WollastonWntr63|@Atticus59914029 I had chores to do around the house. I walked to school through the woods for a half hour in all kinds of New England weather, including the blizzard of 78 where I couldn't see 20 feet in front of me. All the neighborhood kids got together for baseball, basketball or football, 1/
Fri Oct 08 10:10:45 +0000 2021|SilkySkyKitten|"RT @theMuffinButt: Blizzard's the only sweet Winter needs this Halloween c:
Comm for @WhatIsABlizzard! https://t.co/dgDtCmbgtM"
Fri Oct 08 10:10:40 +0000 2021|GoblinPearl|"RT @Vahn16: if I was ""committed to making activision blizzard the most welcoming, inclusive, and safe workplace possible,"" I would simply n‚Ä¶"
Fri Oct 08 10:07:32 +0000 2021|QulloHS|"RT @LambySeriesGG: Courtesy of Blizzard i have 3 Lich King and 3 Diablo Mercenaries Bundles to giveaway! 

1. FOLLOW
2. RETWEET

Winners wi‚Ä¶"
Fri Oct 08 10:07:01 +0000 2021|DLionheartDrawz|RT @Kotaku: California steps in to prevent Activision Blizzard destroying sexual harassment evidence: https://t.co/7Ut0J1Uxxk https://t.co/‚Ä¶
Fri Oct 08 10:07:00 +0000 2021|GIBiz|"California DFEH objects to EEOC settlement with Activision Blizzard

https://t.co/MgrfIDU57u"
Fri Oct 08 10:06:59 +0000 2021|mean_whiler|"RT @LambySeriesGG: Courtesy of Blizzard i have 3 Lich King and 3 Diablo Mercenaries Bundles to giveaway! 

1. FOLLOW
2. RETWEET

Winners wi‚Ä¶"
Fri Oct 08 10:06:52 +0000 2021|KeltytheCourier|@PunishedDelta wait, so i read the article and im still confused. does the person want blizzard to keep the art or change it?
Fri Oct 08 10:06:36 +0000 2021|ByPizzayolo|"RT @LambySeriesGG: Courtesy of Blizzard i have 3 Lich King and 3 Diablo Mercenaries Bundles to giveaway! 

1. FOLLOW
2. RETWEET

Winners wi‚Ä¶"
Fri Oct 08 10:05:47 +0000 2021|YMshqw|@ATVI_AB hi I get banned or locked acount I don't know why can you help me this my gmail in blizzard ' 3mrrkeekrkeek4@gmail.com
Fri Oct 08 10:04:28 +0000 2021|Bakarka2|RT @Kotaku: California steps in to prevent Activision Blizzard destroying sexual harassment evidence: https://t.co/7Ut0J1Uxxk https://t.co/‚Ä¶
Fri Oct 08 10:04:14 +0000 2021|WorldsFirstWoW|@MrGMYT Legion, no doubt about it. Great class designs, amazing class identity, great content roll-out by blizzard, not too much grinding (a bit is fine) and just overall great raids, phenomenal dungeons (apart from Seat, that can fuck off). I loved Legion and will always do
Fri Oct 08 10:04:08 +0000 2021|SonicV_GG|"Another weekend full of @HSesports. I'm rolling up my sleeves and getting to work for #MTUndercity Europe Qualifiers. Good luck folks, may the best player win!
#admin #esports #Hearthstone #gaming #ESL #Blizzard"
Fri Oct 08 10:03:49 +0000 2021|master_blizzard|RT @jaynooch: Hi, most annoying person you‚Äôve ever encountered here! I noticed this post you wrote in 3 seconds doesn‚Äôt line up with every‚Ä¶
Fri Oct 08 10:03:00 +0000 2021|Mirialani|"To be a champion, you have to believe in yourself when nobody else will üêà

#worldofwarcraft 
#blizzard 
#mirialani https://t.co/wNehCVZlwk"
Fri Oct 08 10:01:49 +0000 2021|etay20aaa|"RT @LambySeriesGG: Courtesy of Blizzard i have 3 Lich King and 3 Diablo Mercenaries Bundles to giveaway! 

1. FOLLOW
2. RETWEET

Winners wi‚Ä¶"
Fri Oct 08 10:01:38 +0000 2021|00_melle|@theaccolonn A beer once in a while is always nice, but abusement is never okay. just like how blizzard has treated their customers :)
Fri Oct 08 10:01:34 +0000 2021|Chojinki|RT @spenxerlayne: Thinking about making a #dva header for here and my twitch with a design I‚Äôm doing for a @Blizzard_Ent contest ü§î #overwat‚Ä¶
Fri Oct 08 10:01:26 +0000 2021|coyotedancer|"RT @Vahn16: if I was ""committed to making activision blizzard the most welcoming, inclusive, and safe workplace possible,"" I would simply n‚Ä¶"
Fri Oct 08 10:00:33 +0000 2021|spenxerlayne|Thinking about making a #dva header for here and my twitch with a design I‚Äôm doing for a @Blizzard_Ent contest ü§î #overwatch #Blizzard
Fri Oct 08 10:00:32 +0000 2021|joeriwagner|"Activision Blizzard accused of interfering with employees' right to organize

https://t.co/D0E1Nz1Opz https://t.co/8N6wNCCDWG"
Fri Oct 08 10:00:32 +0000 2021|GltYoann|"RT @LambySeriesGG: Courtesy of Blizzard i have 3 Lich King and 3 Diablo Mercenaries Bundles to giveaway! 

1. FOLLOW
2. RETWEET

Winners wi‚Ä¶"
Fri Oct 08 09:59:23 +0000 2021|raggedy_prince|"RT @Vahn16: if I was ""committed to making activision blizzard the most welcoming, inclusive, and safe workplace possible,"" I would simply n‚Ä¶"
Fri Oct 08 09:59:12 +0000 2021|YunalescaSWE|"I get everyone‚Äôs pissed at @Blizzard_Ent, but attacking a game director before he even starts is not only toxic but unnecessary. 

Let the man try üôÇ he starts uphill, so give your feedback and help him do right by the franchise - or SHUT UP ABOUT IT. https://t.co/e4cKu4ZwVn"
Fri Oct 08 09:58:46 +0000 2021|MarkJasonPichay|"RT @LambySeriesGG: Courtesy of Blizzard i have 3 Lich King and 3 Diablo Mercenaries Bundles to giveaway! 

1. FOLLOW
2. RETWEET

Winners wi‚Ä¶"
Fri Oct 08 09:57:49 +0000 2021|Kuro_no_otaku|"RT @Vahn16: if I was ""committed to making activision blizzard the most welcoming, inclusive, and safe workplace possible,"" I would simply n‚Ä¶"
Fri Oct 08 09:55:11 +0000 2021|Tuirseach_sasta|"RT @Vahn16: if I was ""committed to making activision blizzard the most welcoming, inclusive, and safe workplace possible,"" I would simply n‚Ä¶"
Fri Oct 08 09:54:41 +0000 2021|EmreBTecimer|"RT @LambySeriesGG: Courtesy of Blizzard i have 3 Lich King and 3 Diablo Mercenaries Bundles to giveaway! 

1. FOLLOW
2. RETWEET

Winners wi‚Ä¶"
Fri Oct 08 09:53:15 +0000 2021|IrregularHunter|"RT @Vahn16: if I was ""committed to making activision blizzard the most welcoming, inclusive, and safe workplace possible,"" I would simply n‚Ä¶"
Fri Oct 08 09:53:13 +0000 2021|Rpsys_official|"Listen to „ÄêArtcore„ÄëNightYard vs Philosophia Symphony - Diamond Blizzard „ÄêChainBeeT Edit„Äë by NenotaNi on #SoundCloud
https://t.co/ASK5fYwiXA"
Fri Oct 08 09:52:08 +0000 2021|ThePyroPM|"RT @Vahn16: if I was ""committed to making activision blizzard the most welcoming, inclusive, and safe workplace possible,"" I would simply n‚Ä¶"
Fri Oct 08 09:52:01 +0000 2021|angstyenby|"RT @Vahn16: if I was ""committed to making activision blizzard the most welcoming, inclusive, and safe workplace possible,"" I would simply n‚Ä¶"
Fri Oct 08 09:51:59 +0000 2021|garylmarks|"Bought them, just had to be done. 

Will look good in Blizzard Beach, Orlando next summer. üòé https://t.co/2KGITvScf4"
Fri Oct 08 09:51:08 +0000 2021|ArtIntelll|"RT @Vahn16: if I was ""committed to making activision blizzard the most welcoming, inclusive, and safe workplace possible,"" I would simply n‚Ä¶"
Fri Oct 08 09:50:50 +0000 2021|Plugs_the_Queer|"RT @Vahn16: if I was ""committed to making activision blizzard the most welcoming, inclusive, and safe workplace possible,"" I would simply n‚Ä¶"
Fri Oct 08 09:50:36 +0000 2021|Luma365|"RT @Vahn16: if I was ""committed to making activision blizzard the most welcoming, inclusive, and safe workplace possible,"" I would simply n‚Ä¶"
Fri Oct 08 09:49:37 +0000 2021|HoloSimpVillani|"RT @LambySeriesGG: Courtesy of Blizzard i have 3 Lich King and 3 Diablo Mercenaries Bundles to giveaway! 

1. FOLLOW
2. RETWEET

Winners wi‚Ä¶"
Fri Oct 08 09:49:27 +0000 2021|FragrantGC|"RT @Vahn16: if I was ""committed to making activision blizzard the most welcoming, inclusive, and safe workplace possible,"" I would simply n‚Ä¶"
Fri Oct 08 09:49:05 +0000 2021|Sophiemjgr|"RT @Diablo: üî• Diablo IV Quarterly Update üî•

Indulge in the soundscapes of Hell. 

üìú https://t.co/FuWPMJBuM7 https://t.co/nzndywn3g6"
Fri Oct 08 09:48:28 +0000 2021|the_medderses|@erniebreakfast I beg to differ. The blizzard frozen treat IS most certainly iconic. Or maybe it's their soft serve ice cream. But there is none like it.
Fri Oct 08 09:48:17 +0000 2021|ASovietOnion|"RT @Vahn16: if I was ""committed to making activision blizzard the most welcoming, inclusive, and safe workplace possible,"" I would simply n‚Ä¶"
Fri Oct 08 09:48:07 +0000 2021|pushitg00d|"RT @KalebPrime: &gt;Not offended
&gt;Makes a longass thread
&gt;Former Blizzard employee
Of course."
Fri Oct 08 09:47:44 +0000 2021|MichelleKidd67|"RT @dk_deters: CHRISTMAS ONCE AGAIN
A missing painting
A Christmas blizzard
A magical romance
#wrpbks #Romance #sweetromance #quickread #ad‚Ä¶"
Fri Oct 08 09:47:08 +0000 2021|hoeminbetweenum|"RT @Vahn16: if I was ""committed to making activision blizzard the most welcoming, inclusive, and safe workplace possible,"" I would simply n‚Ä¶"
Fri Oct 08 09:47:04 +0000 2021|rebelstudioart|#inktober2021 day 8 #watch I did an #illustration of #winston from @overwatchleague by @blizzard #ape #inktober #inktoberchallenge @inktober @jakeparker @rebelstudioart by @the_mattastic #comicart #art @ Rebel-Studio https://t.co/yjiZ63k0RG
Fri Oct 08 09:46:50 +0000 2021|joynice213|"RT @Vahn16: if I was ""committed to making activision blizzard the most welcoming, inclusive, and safe workplace possible,"" I would simply n‚Ä¶"
Fri Oct 08 09:46:27 +0000 2021|Pervincka_|"RT @Gwennet1: The portrait of a night elf from World of Warcraft (commission). I'm so happy with the opportunity to draw more elves xD

#wo‚Ä¶"
Fri Oct 08 09:46:27 +0000 2021|pablogc_98|"RT @Vahn16: if I was ""committed to making activision blizzard the most welcoming, inclusive, and safe workplace possible,"" I would simply n‚Ä¶"
Fri Oct 08 09:46:26 +0000 2021|TruebladeSeeker|"@lPermofrostl He is only immune to fire during third phase as oppose to Sephy who's immune to Fire, Blizzard, and Thunder the whole fight

I half agree with that, but there are some of his moves that are pace breakers like Piller and Meteor DM. the latter last too long and quite a sour point"
Fri Oct 08 09:46:22 +0000 2021|CptAdderall|@CalebGamerOW @Gay_4_Aliens @SkaVorah @overwatchleague Do you have a source for that?  I simply refuse to believe blizzard even has enough employees left to do that at this point.
Fri Oct 08 09:45:53 +0000 2021|_nazunyan_|RT @HourlyOz: Swirling Blizzard At The Northernmost Castle https://t.co/13eDvOokeS
Fri Oct 08 09:44:31 +0000 2021|Bayek_Auditore|@TheShawn4Real @pcgamer no one cares or wants  a diablo 3 remake. theirs nothing that can be done to a modern game,that's already HD.  a remake i would like to see is original diablo. but knowing how WOKE blizzard is they would censor diablo like they did d2r
Fri Oct 08 09:44:02 +0000 2021|Th_Trojan|RT @GIBiz: One of the government agencies suing Activision Blizzard says it will object to another government agency's settlement that requ‚Ä¶
Fri Oct 08 09:43:32 +0000 2021|Ainastrasza|@TheAmberBerries If Blizzard were somehow able to add race-class Skins for this sort of thing I'd be more accepting of it, but that's never going to happen. So I just can't picture a non-elf race darting around being an Illidari.
Fri Oct 08 09:43:24 +0000 2021|Gleenlyness|"RT @LambySeriesGG: Courtesy of Blizzard i have 3 Lich King and 3 Diablo Mercenaries Bundles to giveaway! 

1. FOLLOW
2. RETWEET

Winners wi‚Ä¶"
Fri Oct 08 09:42:01 +0000 2021|TiredSaya|"RT @Vahn16: if I was ""committed to making activision blizzard the most welcoming, inclusive, and safe workplace possible,"" I would simply n‚Ä¶"
Fri Oct 08 09:41:43 +0000 2021|VerdeGre|"RT @Vahn16: if I was ""committed to making activision blizzard the most welcoming, inclusive, and safe workplace possible,"" I would simply n‚Ä¶"
Fri Oct 08 09:41:31 +0000 2021|gayvalkyries|"RT @Vahn16: if I was ""committed to making activision blizzard the most welcoming, inclusive, and safe workplace possible,"" I would simply n‚Ä¶"
Fri Oct 08 09:40:29 +0000 2021|a_blue_birb|"RT @Vahn16: if I was ""committed to making activision blizzard the most welcoming, inclusive, and safe workplace possible,"" I would simply n‚Ä¶"
Fri Oct 08 09:39:35 +0000 2021|SwiftXuna|"RT @LambySeriesGG: Courtesy of Blizzard i have 3 Lich King and 3 Diablo Mercenaries Bundles to giveaway! 

1. FOLLOW
2. RETWEET

Winners wi‚Ä¶"
Fri Oct 08 09:39:30 +0000 2021|demon_bfoty|"@mintmakesthings i mean they;re called ""blizzard"" for a reason. just a storm of white"
Fri Oct 08 09:39:18 +0000 2021|AOlTSUKl|"‚†Ä

actually everything about this is a giant inconvenience. my hair is touching the floor. i am seemingly a walking blizzard.
bro

‚†Ä"
Fri Oct 08 09:39:11 +0000 2021|litbycorpses|@ChakaCannot It was yet colder still in that young man's heart, despite all the ferocity of the blizzard outside, it couldn't quite measure up.
Fri Oct 08 09:38:29 +0000 2021|mintmakesthings|I had less than zero faith in Blizzard changing anything already but this really sums it up for me, lol. Just gonna have white guys making the same 3 video games for the rest of our lives
Fri Oct 08 09:38:29 +0000 2021|NathairaArt|"RT @CODE_CWA: The U.S. Equal Employment Opportunity Commission has failed to hold @ATVI_AB accountable. 

We haven't forgotten. 

And worke‚Ä¶"
Fri Oct 08 09:38:22 +0000 2021|MRJAM2|"RT @LambySeriesGG: Courtesy of Blizzard i have 3 Lich King and 3 Diablo Mercenaries Bundles to giveaway! 

1. FOLLOW
2. RETWEET

Winners wi‚Ä¶"
Fri Oct 08 09:38:02 +0000 2021|LeroyJenkins_fc|RT @_GLITCHED_: Blizzard has hired a new Diablo IV game director https://t.co/86uzLLHUjj
Fri Oct 08 09:37:54 +0000 2021|JSlow5|"RT @Diablo: üî• Diablo IV Quarterly Update üî•

Indulge in the soundscapes of Hell. 

üìú https://t.co/FuWPMJBuM7 https://t.co/nzndywn3g6"
Fri Oct 08 09:37:48 +0000 2021|Rajaaturicaaro|@DOWSEYtv That Q&amp;A had similar energy to Blizzard's 'don't you guys have phones?'
Fri Oct 08 09:37:15 +0000 2021|Dragonogon|"RT @Vahn16: if I was ""committed to making activision blizzard the most welcoming, inclusive, and safe workplace possible,"" I would simply n‚Ä¶"
Fri Oct 08 09:36:35 +0000 2021|Chaos_Alfa|RT @Kotaku: California steps in to prevent Activision Blizzard destroying sexual harassment evidence: https://t.co/7Ut0J1Uxxk https://t.co/‚Ä¶
Fri Oct 08 09:36:24 +0000 2021|QueLePasaba|"RT @LambySeriesGG: Courtesy of Blizzard i have 3 Lich King and 3 Diablo Mercenaries Bundles to giveaway! 

1. FOLLOW
2. RETWEET

Winners wi‚Ä¶"
Fri Oct 08 09:35:51 +0000 2021|PascualEugenia|"RT @Vahn16: if I was ""committed to making activision blizzard the most welcoming, inclusive, and safe workplace possible,"" I would simply n‚Ä¶"
Fri Oct 08 09:35:40 +0000 2021|_GLITCHED_|Blizzard has hired a new Diablo IV game director https://t.co/86uzLLHUjj
Fri Oct 08 09:35:23 +0000 2021|MindLostBRB|"RT @Vahn16: if I was ""committed to making activision blizzard the most welcoming, inclusive, and safe workplace possible,"" I would simply n‚Ä¶"
Fri Oct 08 09:34:21 +0000 2021|_leonardo|"RT @LambySeriesGG: Courtesy of Blizzard i have 3 Lich King and 3 Diablo Mercenaries Bundles to giveaway! 

1. FOLLOW
2. RETWEET

Winners wi‚Ä¶"
Fri Oct 08 09:34:14 +0000 2021|HourlyOz|Swirling Blizzard At The Northernmost Castle https://t.co/13eDvOokeS
Fri Oct 08 09:32:20 +0000 2021|spoookycutie420|Created a new blizzard flavor with my mind‚Ä¶.. I don‚Äôt like it but someone might
Fri Oct 08 09:31:57 +0000 2021|_Krits__|Blizzard Strayer worst domain. https://t.co/BicZd3nPGd
Fri Oct 08 09:30:57 +0000 2021|iamthe_greatone|"RT @LambySeriesGG: Courtesy of Blizzard i have 3 Lich King and 3 Diablo Mercenaries Bundles to giveaway! 

1. FOLLOW
2. RETWEET

Winners wi‚Ä¶"
Fri Oct 08 09:29:57 +0000 2021|BolhuisE|"RT @Fiamma_29: I AM SO EXCITED. It‚Äôs @Diablo 2: Resurrected time. üòç

Also‚Ä¶ I may have a copy to give away at some point during stream. Tune‚Ä¶"
Fri Oct 08 09:29:21 +0000 2021|FuseCraftAD|"RT @CODE_CWA: The U.S. Equal Employment Opportunity Commission has failed to hold @ATVI_AB accountable. 

We haven't forgotten. 

And worke‚Ä¶"
Fri Oct 08 09:29:00 +0000 2021|KibaTheNerdWolf|"RT @theMuffinButt: Blizzard's the only sweet Winter needs this Halloween c:
Comm for @WhatIsABlizzard! https://t.co/dgDtCmbgtM"
Fri Oct 08 09:28:58 +0000 2021|Sky_Fighter_|"Arlington Strategic Point [5] has been deployed to The Violent Blizzard.
Remaining time until disappear: 0:55 Hour - at 12:24 Servertime
18EC9C"
Fri Oct 08 09:28:56 +0000 2021|JossueVallejos|"RT @LambySeriesGG: Courtesy of Blizzard i have 3 Lich King and 3 Diablo Mercenaries Bundles to giveaway! 

1. FOLLOW
2. RETWEET

Winners wi‚Ä¶"
Fri Oct 08 09:28:27 +0000 2021|StefanoBiffi3|"RT @LambySeriesGG: Courtesy of Blizzard i have 3 Lich King and 3 Diablo Mercenaries Bundles to giveaway! 

1. FOLLOW
2. RETWEET

Winners wi‚Ä¶"
Fri Oct 08 09:28:20 +0000 2021|Tonn33610196|"RT @LambySeriesGG: Courtesy of Blizzard i have 3 Lich King and 3 Diablo Mercenaries Bundles to giveaway! 

1. FOLLOW
2. RETWEET

Winners wi‚Ä¶"
Fri Oct 08 09:26:37 +0000 2021|LongscopeTV|"RT @Vahn16: if I was ""committed to making activision blizzard the most welcoming, inclusive, and safe workplace possible,"" I would simply n‚Ä¶"
Fri Oct 08 09:26:02 +0000 2021|Extramillions1|Extramillions played World of Warcraft (Blizzard) in the last 24 hours https://t.co/dc4VWps67r #exophase
Fri Oct 08 09:25:55 +0000 2021|Shoxx6077|"RT @LambySeriesGG: Courtesy of Blizzard i have 3 Lich King and 3 Diablo Mercenaries Bundles to giveaway! 

1. FOLLOW
2. RETWEET

Winners wi‚Ä¶"
Fri Oct 08 09:25:20 +0000 2021|SaffyWaffy2|RT @DarkViperAU: Really enjoyed playing through a bit of Diablo II: Resurrected the other day! Here are some of the highlights. #Diablo2Res‚Ä¶
Fri Oct 08 09:25:18 +0000 2021|Ainastrasza|"@Salk1ni Just because Blizzard can idiotically change something on a whim doesn't mean I'm not going to suddenly stop respecting the lore.

There'd be no point in me caring about this world if everything I liked about it just boiled down to ""oh well who cares Blizz can just change it"""
Fri Oct 08 09:24:49 +0000 2021|writter_vambu|"@im_sathiskumar @Thisiscsn @mipaltan Yes they played with
Gibbs
Symonds
Bravo 
Frankiln
Blizzard"
Fri Oct 08 09:21:52 +0000 2021|RocketPandaHS|"RT @LambySeriesGG: Courtesy of Blizzard i have 3 Lich King and 3 Diablo Mercenaries Bundles to giveaway! 

1. FOLLOW
2. RETWEET

Winners wi‚Ä¶"
Fri Oct 08 09:21:05 +0000 2021|chrislopo|"RT @Vahn16: if I was ""committed to making activision blizzard the most welcoming, inclusive, and safe workplace possible,"" I would simply n‚Ä¶"
Fri Oct 08 09:20:31 +0000 2021|baldoXER|"RT @LambySeriesGG: Courtesy of Blizzard i have 3 Lich King and 3 Diablo Mercenaries Bundles to giveaway! 

1. FOLLOW
2. RETWEET

Winners wi‚Ä¶"
Fri Oct 08 09:19:19 +0000 2021|T2_LEVELS|Every single piece of Activision blizzard news is like a year off my life. I have like two years left at this point https://t.co/2YUUKdShzG
Fri Oct 08 09:18:49 +0000 2021|demigirlace|RT @Kotaku: California steps in to prevent Activision Blizzard destroying sexual harassment evidence: https://t.co/7Ut0J1Uxxk https://t.co/‚Ä¶
Fri Oct 08 09:18:44 +0000 2021|FrewSmith|"The white chest
of a nervous Dipper
puffs on a shining
black rock. Prepared
for its unlikely dive.

The roar of Autumn
water drowns everything,
silencing the blizzard
of leaves now sogging
into the frozen mud.

October 2021"
Fri Oct 08 09:17:42 +0000 2021|KotuWasHere|RT @Kotaku: California steps in to prevent Activision Blizzard destroying sexual harassment evidence: https://t.co/7Ut0J1Uxxk https://t.co/‚Ä¶
Fri Oct 08 09:16:59 +0000 2021|LeePollok|"RT @LambySeriesGG: Courtesy of Blizzard i have 3 Lich King and 3 Diablo Mercenaries Bundles to giveaway! 

1. FOLLOW
2. RETWEET

Winners wi‚Ä¶"
Fri Oct 08 09:16:07 +0000 2021|hotbeetlejuice|"RT @Vahn16: if I was ""committed to making activision blizzard the most welcoming, inclusive, and safe workplace possible,"" I would simply n‚Ä¶"
Fri Oct 08 09:16:06 +0000 2021|Gramax7|"RT @LambySeriesGG: Courtesy of Blizzard i have 3 Lich King and 3 Diablo Mercenaries Bundles to giveaway! 

1. FOLLOW
2. RETWEET

Winners wi‚Ä¶"
Fri Oct 08 09:15:57 +0000 2021|DavidDiogenes|"RT @homerthebot: Your day will be like...
the power of Zeus' own lightning, rain, hail and blizzard, and snowfall on ploughfields. (Iliad 1‚Ä¶"
Fri Oct 08 09:13:28 +0000 2021|FaethFGC|"RT @Vahn16: if I was ""committed to making activision blizzard the most welcoming, inclusive, and safe workplace possible,"" I would simply n‚Ä¶"
Fri Oct 08 09:12:50 +0000 2021|kaffemaschiele|"RT @LambySeriesGG: Courtesy of Blizzard i have 3 Lich King and 3 Diablo Mercenaries Bundles to giveaway! 

1. FOLLOW
2. RETWEET

Winners wi‚Ä¶"
Fri Oct 08 09:12:48 +0000 2021|LandyRS|RT @Kotaku: California steps in to prevent Activision Blizzard destroying sexual harassment evidence: https://t.co/7Ut0J1Uxxk https://t.co/‚Ä¶
Fri Oct 08 09:12:19 +0000 2021|just_lightman|"RT @LambySeriesGG: Courtesy of Blizzard i have 3 Lich King and 3 Diablo Mercenaries Bundles to giveaway! 

1. FOLLOW
2. RETWEET

Winners wi‚Ä¶"
Fri Oct 08 09:10:59 +0000 2021|AlexSangoten|"RT @LambySeriesGG: Courtesy of Blizzard i have 3 Lich King and 3 Diablo Mercenaries Bundles to giveaway! 

1. FOLLOW
2. RETWEET

Winners wi‚Ä¶"
Fri Oct 08 09:08:53 +0000 2021|Jouscribbles|RT @Kotaku: California steps in to prevent Activision Blizzard destroying sexual harassment evidence: https://t.co/7Ut0J1Uxxk https://t.co/‚Ä¶
Fri Oct 08 09:08:49 +0000 2021|stopthatgirl7|RT @Kotaku: California steps in to prevent Activision Blizzard destroying sexual harassment evidence: https://t.co/7Ut0J1Uxxk https://t.co/‚Ä¶
Fri Oct 08 09:08:27 +0000 2021|HeyItsCyclon|@BillroyJeankins @OWAnonymous_ This year has been terrible for overwatch, have you seen what‚Äôs happening to blizzard
Fri Oct 08 09:07:46 +0000 2021|alissim_o|"RT @volendor: Finished commission. Vezna
#Warcraft #WorldofWarcraft #fantasy #art #undead #OC #commission #Blizzard #BlizzardEntertainment‚Ä¶"
Fri Oct 08 09:07:39 +0000 2021|BiscuitBarrel10|@GRFrontline @GhostRecon Has the Blizzard Thinktank migrated over to Ubisoft ?
Fri Oct 08 09:07:26 +0000 2021|H3avenlyAngell|popping bottles in the ice like a blizzard https://t.co/DvqCye5IWP
Fri Oct 08 09:07:07 +0000 2021|xPlantFuckerx|"I really hope Ubisoft and activision/blizzard never get representation in Smash as a fighter 

That'd be fucking dogshit"
Fri Oct 08 09:06:09 +0000 2021|transdragonemma|RT @Kotaku: California steps in to prevent Activision Blizzard destroying sexual harassment evidence: https://t.co/7Ut0J1Uxxk https://t.co/‚Ä¶
Fri Oct 08 09:06:06 +0000 2021|SknqNine|RT @Kotaku: California steps in to prevent Activision Blizzard destroying sexual harassment evidence: https://t.co/7Ut0J1Uxxk https://t.co/‚Ä¶
Fri Oct 08 09:04:29 +0000 2021|PersephoneHime|"RT @Vahn16: if I was ""committed to making activision blizzard the most welcoming, inclusive, and safe workplace possible,"" I would simply n‚Ä¶"
Fri Oct 08 09:03:50 +0000 2021|FrostedfishDin|RT @Wowhead: Blizzard has released the Diablo IV quarterly update for October 2021, including a message from new Game Director Joe Shely an‚Ä¶
Fri Oct 08 09:03:33 +0000 2021|SecretGamerGrrl|RT @Kotaku: California steps in to prevent Activision Blizzard destroying sexual harassment evidence: https://t.co/7Ut0J1Uxxk https://t.co/‚Ä¶
Fri Oct 08 09:00:51 +0000 2021|Chr1z11|"RT @LambySeriesGG: Courtesy of Blizzard i have 3 Lich King and 3 Diablo Mercenaries Bundles to giveaway! 

1. FOLLOW
2. RETWEET

Winners wi‚Ä¶"
Fri Oct 08 09:00:16 +0000 2021|metalcbz|"RT @Vahn16: if I was ""committed to making activision blizzard the most welcoming, inclusive, and safe workplace possible,"" I would simply n‚Ä¶"
Fri Oct 08 08:59:45 +0000 2021|LunethD|"RT @Kastedmobail: Giveaway winner and art with his character - @rafiska2999 ü§©ü§ü
Deathwing: This realm will tremble and quake beneath our rag‚Ä¶"
Fri Oct 08 08:59:22 +0000 2021|WG280291|@ATVIAssist Brilliant.. console player since Cod4.. never played in over 2 months &amp; my accounts been banned permanently. Someone creates a blizzard account using a very old email account of mine and I get banned!? Shocking!!!
Fri Oct 08 08:58:17 +0000 2021|Patrici20765403|RT @SteveSchmidtSES: Safety partners, safety experts, and safety studies. A blizzard of words and empty assertions delivered with confidenc‚Ä¶
Fri Oct 08 08:55:34 +0000 2021|amitiepuyobot|Blizzard
Fri Oct 08 08:55:25 +0000 2021|ElkeHollings|RT @SteveSchmidtSES: Safety partners, safety experts, and safety studies. A blizzard of words and empty assertions delivered with confidenc‚Ä¶
Fri Oct 08 08:54:41 +0000 2021|Ubahootah|"RT @Vahn16: if I was ""committed to making activision blizzard the most welcoming, inclusive, and safe workplace possible,"" I would simply n‚Ä¶"
Fri Oct 08 08:53:57 +0000 2021|Yurster|"RT @KalebPrime: &gt;Not offended
&gt;Makes a longass thread
&gt;Former Blizzard employee
Of course."
Fri Oct 08 08:53:14 +0000 2021|BrettFishA|Yesterday i had jeans on and a long-sleeved top and it was super hot. So today i wore shorts and a t-shirt and ventured out and of course it's a rain blizzard. Cape Town is the Jumanji of weather systems and wearing any type of clothes is rolling the die.
Fri Oct 08 08:51:59 +0000 2021|VintageSoviet|"RT @txsisterspress: #cominsoon from #author @cindiflowwrites Your #kids will love this heartwarming story of SandyBoy's first #Christmas!
S‚Ä¶"
Fri Oct 08 08:51:00 +0000 2021|ScarletMature|@Bolverk15 Of course it won‚Äôt. I hope Blizzard will get better workers who will make more good games
Fri Oct 08 08:50:04 +0000 2021|ScarletMature|"@Bolverk15 We don‚Äôt know the costüôÑ
Still it‚Äôs unclear what will happen to Blizzard after courts"
Fri Oct 08 08:50:02 +0000 2021|Herensugewild|"RT @LambySeriesGG: Courtesy of Blizzard i have 3 Lich King and 3 Diablo Mercenaries Bundles to giveaway! 

1. FOLLOW
2. RETWEET

Winners wi‚Ä¶"
Fri Oct 08 08:48:37 +0000 2021|Scar3dyC4t|RT @LukeCorreiaVA: i like digging around what remains of the WoW reddit trenches where people have managed to convince themselves that bliz‚Ä¶
Fri Oct 08 08:45:48 +0000 2021|JamesRodgers25|"RT @Diablo: üî• Diablo IV Quarterly Update üî•

Indulge in the soundscapes of Hell. 

üìú https://t.co/FuWPMJBuM7 https://t.co/nzndywn3g6"
Fri Oct 08 08:44:23 +0000 2021|lav_sunrise|"RT @Vahn16: if I was ""committed to making activision blizzard the most welcoming, inclusive, and safe workplace possible,"" I would simply n‚Ä¶"
Fri Oct 08 08:44:16 +0000 2021|SilkySkyKitten|"RT @Vahn16: if I was ""committed to making activision blizzard the most welcoming, inclusive, and safe workplace possible,"" I would simply n‚Ä¶"
Fri Oct 08 08:42:37 +0000 2021|XJFitzy|"RT @Vahn16: if I was ""committed to making activision blizzard the most welcoming, inclusive, and safe workplace possible,"" I would simply n‚Ä¶"
Fri Oct 08 08:42:32 +0000 2021|Corvenn_WoW|RT @Kotaku: California steps in to prevent Activision Blizzard destroying sexual harassment evidence: https://t.co/7Ut0J1Uxxk https://t.co/‚Ä¶
Fri Oct 08 08:42:14 +0000 2021|Furryprince3|"RT @LambySeriesGG: Courtesy of Blizzard i have 3 Lich King and 3 Diablo Mercenaries Bundles to giveaway! 

1. FOLLOW
2. RETWEET

Winners wi‚Ä¶"
Fri Oct 08 08:42:01 +0000 2021|Liammch12|RT @pcgamer: Blizzard names a new Diablo 4 game director. https://t.co/Vr5f0pYvwb
Fri Oct 08 08:40:32 +0000 2021|Megacherv|"RT @Vahn16: if I was ""committed to making activision blizzard the most welcoming, inclusive, and safe workplace possible,"" I would simply n‚Ä¶"
Fri Oct 08 08:39:42 +0000 2021|alfbridge43|@ZBankEnt @RussellBoyce1 My wife during a blizzard in pitch darkness once brought home a stray dog which was fully covered in snow. When it was taken into the lounge and she turned the lights on she discovered it was a sheep.üòÜ
Fri Oct 08 08:39:19 +0000 2021|kyristana|"RT @Gwennet1: The portrait of a night elf from World of Warcraft (commission). I'm so happy with the opportunity to draw more elves xD

#wo‚Ä¶"
Fri Oct 08 08:38:32 +0000 2021|KGrace1337|"RT @Vahn16: if I was ""committed to making activision blizzard the most welcoming, inclusive, and safe workplace possible,"" I would simply n‚Ä¶"
Fri Oct 08 08:38:13 +0000 2021|RainofTerra|"RT @Vahn16: if I was ""committed to making activision blizzard the most welcoming, inclusive, and safe workplace possible,"" I would simply n‚Ä¶"
Fri Oct 08 08:37:46 +0000 2021|brawlatron|"RT @Vahn16: if I was ""committed to making activision blizzard the most welcoming, inclusive, and safe workplace possible,"" I would simply n‚Ä¶"
Fri Oct 08 08:37:31 +0000 2021|RipleyValues|"When we talk about the scandals at Ubisoft and Acti-Blizzard, boys : ""but it's everywhere, there is nothing to see here"". When we use the cases of Ubisoft and Acti-Blizzard as examples to say it's everywhere, boys : ""you should not generalize""."
Fri Oct 08 08:37:08 +0000 2021|HuwThomas14|"RT @LambySeriesGG: Courtesy of Blizzard i have 3 Lich King and 3 Diablo Mercenaries Bundles to giveaway! 

1. FOLLOW
2. RETWEET

Winners wi‚Ä¶"
Fri Oct 08 08:36:51 +0000 2021|Marco92253661|"RT @LambySeriesGG: Courtesy of Blizzard i have 3 Lich King and 3 Diablo Mercenaries Bundles to giveaway! 

1. FOLLOW
2. RETWEET

Winners wi‚Ä¶"
Fri Oct 08 08:36:42 +0000 2021|attilakiscsaji|"RT @LambySeriesGG: Courtesy of Blizzard i have 3 Lich King and 3 Diablo Mercenaries Bundles to giveaway! 

1. FOLLOW
2. RETWEET

Winners wi‚Ä¶"
Fri Oct 08 08:36:12 +0000 2021|zeo7i|smh if it was full blizzard strayer set i would be fine
Fri Oct 08 08:34:50 +0000 2021|sharpythegoat|@Imperious0212 @Wowhead Blizzard has said 9.1.5 was to be released in Autumn of 2021 :D I cannot recall any changes to that planning :)
Fri Oct 08 08:34:18 +0000 2021|frederoque|"RT @LambySeriesGG: Courtesy of Blizzard i have 3 Lich King and 3 Diablo Mercenaries Bundles to giveaway! 

1. FOLLOW
2. RETWEET

Winners wi‚Ä¶"
Fri Oct 08 08:34:05 +0000 2021|Afrogskeleton|"RT @Vahn16: if I was ""committed to making activision blizzard the most welcoming, inclusive, and safe workplace possible,"" I would simply n‚Ä¶"
Fri Oct 08 08:33:43 +0000 2021|bell6437|"RT @Vahn16: if I was ""committed to making activision blizzard the most welcoming, inclusive, and safe workplace possible,"" I would simply n‚Ä¶"
Fri Oct 08 08:31:44 +0000 2021|mdubakov|"1/ Blizzard assembled a small team called ""Team 5"" to experiment and try new approaches. Card game idea was unexpected, and top management was surprised, but did not interrupt the process initially."
Fri Oct 08 08:31:29 +0000 2021|OnOwnterms|Even the strongest Blizzard starts with a single snowflake - Sara Raasch, #mindset
Fri Oct 08 08:31:10 +0000 2021|DemShenanigans|RT @nichegamer: Blizzard Entertainment Remove Flirting and Inappropriate Jokes from World of Warcraft Player Characters https://t.co/PwjtWS‚Ä¶
Fri Oct 08 08:30:31 +0000 2021|Merf37953425|"RT @CyberPost3: #Diablo 4 Has New Game Director + Game Audio &amp; Music Quarterly Report

Blizzard has released a new quarterly report on Diab‚Ä¶"
Fri Oct 08 08:30:29 +0000 2021|chiigeshi|blizzard rlly thinks we give a shit abt ovw2 info when ALL we want is info on the halloween event
Fri Oct 08 08:30:11 +0000 2021|FrontlineGamer|"@faulkie87 @Optimus_Code No way anyone is buying out Activision Blizzard any time soon.

üòÇ

Unless Bobby needs a new yacht!!!"
Fri Oct 08 08:27:45 +0000 2021|DemShenanigans|RT @DrewBear0496: @theroomacattack Crash would've been most likely poorly received with that Activision-Blizzard drama happening, even if h‚Ä¶
Fri Oct 08 08:27:27 +0000 2021|itspeachia|"RT @Vahn16: if I was ""committed to making activision blizzard the most welcoming, inclusive, and safe workplace possible,"" I would simply n‚Ä¶"
Fri Oct 08 08:27:16 +0000 2021|Kounzi14|"RT @Vahn16: if I was ""committed to making activision blizzard the most welcoming, inclusive, and safe workplace possible,"" I would simply n‚Ä¶"
Fri Oct 08 08:26:56 +0000 2021|ilpennellodi|"RT @LambySeriesGG: Courtesy of Blizzard i have 3 Lich King and 3 Diablo Mercenaries Bundles to giveaway! 

1. FOLLOW
2. RETWEET

Winners wi‚Ä¶"
Fri Oct 08 08:25:24 +0000 2021|KamilGalant1|"RT @LambySeriesGG: Courtesy of Blizzard i have 3 Lich King and 3 Diablo Mercenaries Bundles to giveaway! 

1. FOLLOW
2. RETWEET

Winners wi‚Ä¶"
Fri Oct 08 08:23:49 +0000 2021|DemShenanigans|"RT @BlizzardCS: MAINTENANCE SCHEDULE 10/06: #Bnet: 1:00 PM - 2:00 PM (PDT) | During this time, you may encounter slow or failed logins and‚Ä¶"
Fri Oct 08 08:23:39 +0000 2021|DemShenanigans|RT @Wowhead: Blizzard has released the Diablo IV quarterly update for October 2021, including a message from new Game Director Joe Shely an‚Ä¶
Fri Oct 08 08:23:24 +0000 2021|FrontlineGamer|@faulkie87 @Optimus_Code PS. I know people are focused on Arkane right now because of Romuald Capron's departure, but I think the potentially more interesting news story could be around what Jeff Kaplan &amp; Chacko Sonny might be doing now they've left Blizzard &amp; Overwatch. Plus whether the rumours... 1/2
Fri Oct 08 08:23:13 +0000 2021|RainDance1304|Hey guys here I am holding my eevee plush while dressed for a blizzard and sitting in front of my fan because I feel both really hot and really cold and I'm not sure what to do about it https://t.co/YNaqn6zAGV
Fri Oct 08 08:23:01 +0000 2021|Pelenagolden|"RT @Vahn16: if I was ""committed to making activision blizzard the most welcoming, inclusive, and safe workplace possible,"" I would simply n‚Ä¶"
Fri Oct 08 08:22:39 +0000 2021|hangryKommo_o|"RT @theMuffinButt: Blizzard's the only sweet Winter needs this Halloween c:
Comm for @WhatIsABlizzard! https://t.co/dgDtCmbgtM"
Fri Oct 08 08:22:29 +0000 2021|BagelBackpack|"@BaisdenCurtis @playnewworld Please no 
Every single shit game with their own launcher just causes bugs crashes and low tier launchers lag like shit 

Unless it‚Äôs like blizzard or riot 

Too many wasted hours with Ubisoft and origin garbage"
Fri Oct 08 08:22:07 +0000 2021|eeg_neuronerd|RT @babbymd: I have kept my account semi-anon for all these years, not because I‚Äôm afraid of people knowing who I am, but so I can truly be‚Ä¶
Fri Oct 08 08:21:44 +0000 2021|Sky_Fighter_|"Arlington Strategic Point [20] at The Violent Blizzard has expired.
18997B"
Fri Oct 08 08:21:38 +0000 2021|DemShenanigans|RT @JeffAHamilton: As for the ABK level, well. They have clearly IMO taken the cynical strategy of trying to wait everything out. Even in t‚Ä¶
Fri Oct 08 08:21:20 +0000 2021|CyberPost3|"#Diablo 4 Has New Game Director + Game Audio &amp; Music Quarterly Report

Blizzard has released a new quarterly report on Diablo IV, introducing new Game Director Joe Sheley. Joe has been in the studio for a long time...

https://t.co/bVGKIQbhXM

#Cyberpost https://t.co/dF28zV9a1L"
Fri Oct 08 08:20:45 +0000 2021|httt_bot|ALL TAPES HAVE NOT PITCH DARK DAYS SHAREHOLDERS SWARMS STRANGLED BLIZZARD FOR US BEATEN UP GAGGING ORDER COSMOCRAT TIME IS
Fri Oct 08 08:20:44 +0000 2021|Sky_Fighter_|"Arlington Strategic Point [20] has been deployed to The Violent Blizzard.
Remaining time until disappear: 0:01 Hour - at 10:21 Servertime
18641B"
Fri Oct 08 08:19:43 +0000 2021|King_Owl|"RT @Vahn16: if I was ""committed to making activision blizzard the most welcoming, inclusive, and safe workplace possible,"" I would simply n‚Ä¶"
Fri Oct 08 08:18:40 +0000 2021|DanDanKokoroGT|"RT @LambySeriesGG: Courtesy of Blizzard i have 3 Lich King and 3 Diablo Mercenaries Bundles to giveaway! 

1. FOLLOW
2. RETWEET

Winners wi‚Ä¶"
Fri Oct 08 08:16:52 +0000 2021|dlddldlddld|RT @Kotaku: California steps in to prevent Activision Blizzard destroying sexual harassment evidence: https://t.co/7Ut0J1Uxxk https://t.co/‚Ä¶
Fri Oct 08 08:16:02 +0000 2021|Charcharlielie|"RT @Vahn16: if I was ""committed to making activision blizzard the most welcoming, inclusive, and safe workplace possible,"" I would simply n‚Ä¶"
Fri Oct 08 08:15:59 +0000 2021|ClearTogether|"RT @Blasted_Cat: To see that @heyitsjencohn agrees that Pharah is gay makes my day better, so I made a quick drawing of her. :) 
Blizzard,‚Ä¶"
Fri Oct 08 08:15:56 +0000 2021|loficraftian|"RT @Vahn16: if I was ""committed to making activision blizzard the most welcoming, inclusive, and safe workplace possible,"" I would simply n‚Ä¶"
Fri Oct 08 08:15:00 +0000 2021|robertmkcc1|"RT @Casual_Bob_: @ThatEricAlper ‚òÖBlizzard Of Oz
    ‚Ä¢ I Don't Know
    ‚Ä¢ Crazy Train
‚òÖDiary Of A Madman
    ‚Ä¢ Over The Mountain
    ‚Ä¢ Flyin‚Ä¶"
Fri Oct 08 08:14:09 +0000 2021|PvZFactBot|Creator George Fan worked at blizzard for two and a half years until he quit in 2004.
Fri Oct 08 08:11:48 +0000 2021|Stubborn_Tort|"RT @Vahn16: if I was ""committed to making activision blizzard the most welcoming, inclusive, and safe workplace possible,"" I would simply n‚Ä¶"
Fri Oct 08 08:11:26 +0000 2021|sguedex|"RT @Vahn16: if I was ""committed to making activision blizzard the most welcoming, inclusive, and safe workplace possible,"" I would simply n‚Ä¶"
Fri Oct 08 08:11:18 +0000 2021|y0ungsean|"Taking a hobbit through a blizzard with ‚Å¶@valathorn‚Å©
Check out [ENG/Evernight/Unscheduled] A smol bean üå± in a very large blizzard ‚ùÑ | !discord https://t.co/XOWXZsF67y"
Fri Oct 08 08:11:07 +0000 2021|JayromeMarzan|"RT @LambySeriesGG: Courtesy of Blizzard i have 3 Lich King and 3 Diablo Mercenaries Bundles to giveaway! 

1. FOLLOW
2. RETWEET

Winners wi‚Ä¶"
Fri Oct 08 08:10:20 +0000 2021|TransGirlAbbie|"RT @Vahn16: if I was ""committed to making activision blizzard the most welcoming, inclusive, and safe workplace possible,"" I would simply n‚Ä¶"
